,page_url
0,https://www.thisiscolossal.com/2022/07/great-women-painters-book/
1,https://www.thisiscolossal.com/2022/07/cai-wei-qun-weaving-book/
2,https://www.thisiscolossal.com/2022/07/omozoc-tissue-box-video/
3,https://www.thisiscolossal.com/2022/07/karolina-romanowska-ceramic-masks/
4,https://www.thisiscolossal.com/2022/07/tim-okamura-portraits/
5,https://www.thisiscolossal.com/2022/07/jason-rinehart-rainbow-lightning/
6,https://www.thisiscolossal.com/2022/07/acorn-timelapse/
7,https://www.thisiscolossal.com/2022/07/tag-smith-wooden-birds/
8,https://www.thisiscolossal.com/2022/07/carlos-cabo-ceramic-sculptures/
9,https://www.thisiscolossal.com/2022/07/michael-velliquette-paper-sculptures/
10,https://www.thisiscolossal.com/2022/07/oleg-oprisco-photographs/
11,https://www.thisiscolossal.com/2022/07/nervous-system-cosmic-cliffs/
12,https://www.thisiscolossal.com/2022/07/getty-black-history-culture-collection/
13,https://www.thisiscolossal.com/2022/07/cincinnati-art-museum-magic-mirror/
14,https://www.thisiscolossal.com/2022/07/kristof-santy-la-grande-bouffe/
15,https://www.thisiscolossal.com/2022/07/elke-vogelsang-cat-portraits/
16,https://www.thisiscolossal.com/2022/07/james-webb-space-telescope/
17,https://www.thisiscolossal.com/2022/07/yulia-brodskaya-phoenix/
18,https://www.thisiscolossal.com/2022/07/hitokotonushi-shrine-bees/
19,https://www.thisiscolossal.com/2022/07/marianne-huotari-ceramic-ryijy/
20,https://www.thisiscolossal.com/2022/07/raku-inoue-jurassic-nature/
21,https://www.thisiscolossal.com/2022/07/jochen-gerner-drawings/
22,https://www.thisiscolossal.com/2022/07/laura-fischer-woven-stones/
23,https://www.thisiscolossal.com/2022/07/sasha-vinogradova-jewel-insects/
24,https://www.thisiscolossal.com/2022/07/lana-crooks-skeletal-sculptures/
25,https://www.thisiscolossal.com/2022/07/warren-king-chinatown-figures/
26,https://www.thisiscolossal.com/2022/07/hiroki-takeda-watercolor-dogs/
27,https://www.thisiscolossal.com/2022/07/collin-van-der-sluijs-collision/
28,https://www.thisiscolossal.com/2022/07/astronomy-photographer-2022/
29,https://www.thisiscolossal.com/2022/07/zoe-buckman-boxing-gloves/
30,https://www.thisiscolossal.com/2022/07/kreis-cup-coffee-grounds/
31,https://www.thisiscolossal.com/2022/07/july-2022-open-calls-residencies-grants/
32,https://www.thisiscolossal.com/2022/07/think-like-a-street-photographer-matt-stuart/
33,https://www.thisiscolossal.com/2022/07/fanni-sandor-miniatures-animals/
34,https://www.thisiscolossal.com/2022/07/magnetic-vibrations-video/
35,https://www.thisiscolossal.com/2022/07/mariko-kusumoto-textile-sculptures/
36,https://www.thisiscolossal.com/2022/06/sam-rodriguez-digital-portraits/
37,https://www.thisiscolossal.com/2022/06/women-photographers-denver/
38,https://www.thisiscolossal.com/2022/06/hanna-lee-joshi-women-figures/
39,https://www.thisiscolossal.com/2022/06/nacho-carbonell-sculptures/
40,https://www.thisiscolossal.com/2022/06/vadim-sherbakov-landscape-photography/
41,https://www.thisiscolossal.com/2022/06/extinct-endangered-levon-biss/
42,https://www.thisiscolossal.com/2022/06/mat-random-simian-puzzle/
43,https://www.thisiscolossal.com/2022/06/bird-houses-brooklyn-botanic-gardens/
44,https://www.thisiscolossal.com/2022/06/vivid-sydney-light-festival/
45,https://www.thisiscolossal.com/2022/06/luke-stephenson-show-birds/
46,https://www.thisiscolossal.com/2022/06/mosaic-tile-museum-tajimi/
47,https://www.thisiscolossal.com/2022/06/love-hulten-sound-installations/
48,https://www.thisiscolossal.com/2022/06/chiron-duong-ao-dai/
49,https://www.thisiscolossal.com/2022/06/interview-tempestry-project/
50,https://www.thisiscolossal.com/2022/06/paper-show-heron-arts/
51,https://www.thisiscolossal.com/2022/06/alice-pasquini-murals/
52,https://www.thisiscolossal.com/2022/06/wangechi-mutu-storm-king/
53,https://www.thisiscolossal.com/2022/06/catie-newell-secret-sky/
54,https://www.thisiscolossal.com/2022/06/kokemusu-mokkou-wooden-animals/
55,https://www.thisiscolossal.com/2022/06/bird-photographer-of-the-year-2022/
56,https://www.thisiscolossal.com/2022/06/paprika-283-saint-louis/
57,https://www.thisiscolossal.com/2022/06/reuben-wu-jenni-pasanen/
58,https://www.thisiscolossal.com/2022/06/diatomic-studio-tiles/
59,https://www.thisiscolossal.com/2022/06/mathieu-stern-dall-e-2/
60,https://www.thisiscolossal.com/2022/06/frode-bolhius-figurative-sculptures/
61,https://www.thisiscolossal.com/2022/06/pejac-welcome-aberdeen/
62,https://www.thisiscolossal.com/2022/06/hirotoshi-ito-stone-sculpture/
63,https://www.thisiscolossal.com/2022/06/jim-golden-gloves/
64,https://www.thisiscolossal.com/2022/06/adele-renault-plantasia-murals/
65,https://www.thisiscolossal.com/2022/06/maya-picasso-sketchbooks/
66,https://www.thisiscolossal.com/2022/06/sew-beautiful-embroideries/
67,https://www.thisiscolossal.com/2022/06/polly-verity-paper-sculptures/
68,https://www.thisiscolossal.com/2022/06/nichola-theakston-animal-sculptures/
69,https://www.thisiscolossal.com/2022/06/2022-big-picture-nature-photography/
70,https://www.thisiscolossal.com/2022/06/vanessa-lubach-printmaking/
71,https://www.thisiscolossal.com/2022/06/in-bamboo-archi-union/
72,https://www.thisiscolossal.com/2022/06/chris-wood-dichroic-glass-installation/
73,https://www.thisiscolossal.com/2022/06/winnie-truong-drawing-diorama/
74,https://www.thisiscolossal.com/2022/06/jeremy-mayer-typewriter-birds/
75,https://www.thisiscolossal.com/2022/06/akira-architecture-neo-tokyo/
76,https://www.thisiscolossal.com/2022/06/myriam-dion-newspaper-works/
77,https://www.thisiscolossal.com/2022/06/seed-stories-thierry-ardouin/
78,https://www.thisiscolossal.com/2022/06/konekono-kitsune-embroidery/
79,https://www.thisiscolossal.com/2022/06/simone-saunders-fiber-portraits/
80,https://www.thisiscolossal.com/2022/06/london-chicago-art-culture/
81,https://www.thisiscolossal.com/2022/06/interview-ochre-sanctuary/
82,https://www.thisiscolossal.com/2022/06/sherman-beck-retrospective/
83,https://www.thisiscolossal.com/2022/06/lena-guberman-ceramic-plates/
84,https://www.thisiscolossal.com/2022/06/naledi-tshegofatso-modupi-portraits/
85,https://www.thisiscolossal.com/2022/06/diana-yevtukh-tree-embroidery/
86,https://www.thisiscolossal.com/2022/06/christine-kim-paper-thin-collages/
87,https://www.thisiscolossal.com/2022/06/rosalind-hobley-flower-cyanotypes/
88,https://www.thisiscolossal.com/2022/06/david-cass-assemblages/
89,https://www.thisiscolossal.com/2022/06/june-2022-opportunities-for-artists/
90,https://www.thisiscolossal.com/2022/06/omozoc-stop-motion-woodworking/
91,https://www.thisiscolossal.com/2022/06/mantra-murals-garden-butterflies/
92,https://www.thisiscolossal.com/2022/05/oliver-chalk-wooden-vessels/
93,https://www.thisiscolossal.com/2022/05/isabel-reitemeyer-animal-collages/
94,https://www.thisiscolossal.com/2022/05/luciano-cian-tete/
95,https://www.thisiscolossal.com/2022/05/pham-huy-trung-vietnam-photographs/
96,https://www.thisiscolossal.com/2022/05/mark-neville-stop-tanks-with-books/
97,https://www.thisiscolossal.com/2022/05/jason-limon-stripped-down/
98,https://www.thisiscolossal.com/2022/05/maya-lin-a-study-of-water/
99,https://www.thisiscolossal.com/2022/05/oliver-jeffers-the-night-in-bloom/
100,https://www.thisiscolossal.com/2022/05/sky-bridge-721/
101,https://www.thisiscolossal.com/2022/05/ariel-adkins-artfully-awear/
102,https://www.thisiscolossal.com/2022/05/manooni-felt-sculptures/
103,https://www.thisiscolossal.com/2022/05/nsenene-michelle-coomber/
104,https://www.thisiscolossal.com/2022/05/bamboo-contemporary-william-richards/
105,https://www.thisiscolossal.com/2022/05/sriram-murali-synchronous-fireflies/
106,https://www.thisiscolossal.com/2022/05/sebastian-foster-mia-bergeron/
107,https://www.thisiscolossal.com/2022/05/minimum-monument-nele-azevedo/
108,https://www.thisiscolossal.com/2022/05/ryo-tajima-wisteria-photos/
109,https://www.thisiscolossal.com/2022/05/thandiwe-muriu-camo-portraits/
110,https://www.thisiscolossal.com/2022/05/ezequiel-pini-the-circle/
111,https://www.thisiscolossal.com/2022/05/ariana-heinzman-clay-sculpture/
112,https://www.thisiscolossal.com/2022/05/tom-scott-christian-moullec/
113,https://www.thisiscolossal.com/2022/05/su-blackwell-book-sculptures/
114,https://www.thisiscolossal.com/2022/05/interview-trevon-latin/
115,https://www.thisiscolossal.com/2022/05/time-capsule-project/
116,https://www.thisiscolossal.com/2022/05/jeanne-simmons-land-art/
117,https://www.thisiscolossal.com/2022/05/jo-nakashima-origami-animals/
118,https://www.thisiscolossal.com/2022/05/jean-jullien-book/
119,https://www.thisiscolossal.com/2022/05/nick-cave-forothermore/
120,https://www.thisiscolossal.com/2022/05/bookworks-exhibition-london/
121,https://www.thisiscolossal.com/2022/05/dhritiman-mukherjee-gharial-photos/
122,https://www.thisiscolossal.com/2022/05/heywood-condie-sacre-blur/
123,https://www.thisiscolossal.com/2022/05/svace-summer-2022/
124,https://www.thisiscolossal.com/2022/05/lisa-nilsson-grand-jardin/
125,https://www.thisiscolossal.com/2022/05/bernhard-lang-airplane-boneyard/
126,https://www.thisiscolossal.com/2022/05/laetitia-ky-hair-sculpture/
127,https://www.thisiscolossal.com/2022/05/19th-unnamed-cave-glyphs/
128,https://www.thisiscolossal.com/2022/05/prime-arts-next-generation/
129,https://www.thisiscolossal.com/2022/05/crochet-coral-reef-wertheim/
130,https://www.thisiscolossal.com/2022/05/vanished-house-field-conforming-studio/
131,https://www.thisiscolossal.com/2022/05/bronwyn-oliver-copper-sculpture/
132,https://www.thisiscolossal.com/2022/05/bill-mayer-gouache-portraits/
133,https://www.thisiscolossal.com/2022/05/interview-artist-nick-cave/
134,https://www.thisiscolossal.com/2022/05/victo-ngai-illustrations/
135,https://www.thisiscolossal.com/2022/05/nicolas-v-sanchez-belongings/
136,https://www.thisiscolossal.com/2022/05/villa-m-triptyque-architecture/
137,https://www.thisiscolossal.com/2022/05/mark-jenkins-sculptures/
138,https://www.thisiscolossal.com/2022/05/art-domains-digital-portfolio/
139,https://www.thisiscolossal.com/2022/05/tach-pollard-wood-sculptures/
140,https://www.thisiscolossal.com/2022/05/monterey-bay-new-jellyfish/
141,https://www.thisiscolossal.com/2022/05/felipe-pantone-quick-tide/
142,https://www.thisiscolossal.com/2022/05/claudio-contreras-koob-flamingos/
143,https://www.thisiscolossal.com/2022/05/shawn-huckins-dirty-laundry/
144,https://www.thisiscolossal.com/2022/05/ema-shin-hearts-absent-women/
145,https://www.thisiscolossal.com/2022/05/april-bey-tapestries/
146,https://www.thisiscolossal.com/2022/05/simon-brown-katie-corrigan-sculptures/
147,https://www.thisiscolossal.com/2022/05/anne-butler-objects-of-time/
148,https://www.thisiscolossal.com/2022/05/rebecca-szeto-paintbrush-portraits/
149,https://www.thisiscolossal.com/2022/05/nass-trip-down-market-street/
150,https://www.thisiscolossal.com/2022/05/simone-leigh-sovereignty/
151,https://www.thisiscolossal.com/2022/05/michelle-kingdom-embroidered-rituals/
152,https://www.thisiscolossal.com/2022/05/may-2022-opportunities-for-artists/
153,https://www.thisiscolossal.com/2022/05/hot-tea-yarn-installations/
154,https://www.thisiscolossal.com/2022/05/barbara-franc-shaggy-dogs/
155,https://www.thisiscolossal.com/2022/05/risd-ce-summer-2022/
156,https://www.thisiscolossal.com/2022/05/kylli-sparre-confined-photos/
157,https://www.thisiscolossal.com/2022/04/joao-gonzalez-ice-merchants/
158,https://www.thisiscolossal.com/2022/04/seth-artmstrong-paintings/
159,https://www.thisiscolossal.com/2022/04/chiharu-shiota-string-installations/
160,https://www.thisiscolossal.com/2022/04/expanded-eye-tattoos/
161,https://www.thisiscolossal.com/2022/04/curtis-talwst-santiago-infinity-series/
162,https://www.thisiscolossal.com/2022/04/henrique-oliveira-nature-architecture/
163,https://www.thisiscolossal.com/2022/04/flow-hideki-inaba/
164,https://www.thisiscolossal.com/2022/04/kehinde-wiley-archaeology-of-silence/
165,https://www.thisiscolossal.com/2022/04/estelle-chretien-interventions/
166,https://www.thisiscolossal.com/2022/04/sistine-chapel-book/
167,https://www.thisiscolossal.com/2022/04/paper-plants-raya-sader-bujana/
168,https://www.thisiscolossal.com/2022/04/velocity-film-sherbakov/
169,https://www.thisiscolossal.com/2022/04/heather-benning-dollhouse/
170,https://www.thisiscolossal.com/2022/04/derrick-adams-portraits/
171,https://www.thisiscolossal.com/2022/04/jonk-urbex-monde/
172,https://www.thisiscolossal.com/2022/04/roberto-benavidez-bird-pinatas/
173,https://www.thisiscolossal.com/2022/04/sean-doran-mars/
174,https://www.thisiscolossal.com/2022/04/glen-taylor-sculptures/
175,https://www.thisiscolossal.com/2022/04/la-machine-long-ma/
176,https://www.thisiscolossal.com/2022/04/dan-lam-personal-legend/
177,https://www.thisiscolossal.com/2022/04/chicago-joao-pombeiro/
178,https://www.thisiscolossal.com/2022/04/wood-you-mind-toys/
179,https://www.thisiscolossal.com/2022/04/spotlight-mastercard-ad/
180,https://www.thisiscolossal.com/2022/04/theo-jansen-flying-strandbeest/
181,https://www.thisiscolossal.com/2022/04/art-domain/
182,https://www.thisiscolossal.com/2022/04/mikael-kennedy-mercedes/
183,https://www.thisiscolossal.com/2022/04/maria-lax-photographs/
184,https://www.thisiscolossal.com/2022/04/gregoire-scalabre-sculpture/
185,https://www.thisiscolossal.com/2022/04/jon-foreman-new-land-art/
186,https://www.thisiscolossal.com/2022/04/truf-36-days-of-type/
187,https://www.thisiscolossal.com/2022/04/zoe-keller-ocean-biodiversity/
188,https://www.thisiscolossal.com/2022/04/flore-gardner-embroidered-photos/
189,https://www.thisiscolossal.com/2022/04/kelly-reemtsen-tool-paintings/
190,https://www.thisiscolossal.com/2022/04/debora-lombardi-uv-flower-photos/
191,https://www.thisiscolossal.com/2022/04/sylvain-gautier-mechanical-whale/
192,https://www.thisiscolossal.com/2022/04/present-correct-pysanka/
193,https://www.thisiscolossal.com/2022/04/richard-ahnert-bear-with-me/
194,https://www.thisiscolossal.com/2022/04/guardabosques-paper-bats/
195,https://www.thisiscolossal.com/2022/04/simon-laveuve-miniature-shelters/
196,https://www.thisiscolossal.com/2022/04/greentree-candles/
197,https://www.thisiscolossal.com/2022/04/agnes-herczeg-lace-driftwood/
198,https://www.thisiscolossal.com/2022/04/king-pleasure-basquiat-exhibition/
199,https://www.thisiscolossal.com/2022/04/anonymouse-malmo-installations/
200,https://www.thisiscolossal.com/2022/04/mike-olbinski-haboob/
201,https://www.thisiscolossal.com/2022/04/suzanne-shafer-wilson-wire-vessels/
202,https://www.thisiscolossal.com/2022/04/jamel-shabazz-photographs/
203,https://www.thisiscolossal.com/2022/04/alice-pegna-metal-garments/
204,https://www.thisiscolossal.com/2022/04/moonlight-mojave-skyglow/
205,https://www.thisiscolossal.com/2022/04/nervous-system-miniature-puzzles/
206,https://www.thisiscolossal.com/2022/04/marcel-the-shell-with-the-shoes-on/
207,https://www.thisiscolossal.com/2022/04/duinker-dochters-book-bracelet/
208,https://www.thisiscolossal.com/2022/04/peter-frederiksen-cartoon-embroidery/
209,https://www.thisiscolossal.com/2022/04/leeroy-new-discarded-plastic/
210,https://www.thisiscolossal.com/2022/04/sandra-apperloo-bud-vases/
211,https://www.thisiscolossal.com/2022/04/april-2022-artist-opportunities/
212,https://www.thisiscolossal.com/2022/04/tom-hegen-solar-power/
213,https://www.thisiscolossal.com/2022/04/andrew-mccarthy-moon-libration/
214,https://www.thisiscolossal.com/2022/04/yellena-james-paintings/
215,https://www.thisiscolossal.com/2022/03/judit-just-tapestries/
216,https://www.thisiscolossal.com/2022/03/eness-inflatable-sculptures/
217,https://www.thisiscolossal.com/2022/03/demond-melancon-portraits/
218,https://www.thisiscolossal.com/2022/03/rain-szeto-illustrations/
219,https://www.thisiscolossal.com/2022/03/el-anatsui-reinvention-sculpture/
220,https://www.thisiscolossal.com/2022/03/women-street-photographers-exhibition/
221,https://www.thisiscolossal.com/2022/03/vo-trong-nghia-bamboo/
222,https://www.thisiscolossal.com/2022/03/eiko-ojala-digital-illustrations/
223,https://www.thisiscolossal.com/2022/03/roman-robroek-chisea/
224,https://www.thisiscolossal.com/2022/03/kathrin-swoboda-red-wing-blackbird/
225,https://www.thisiscolossal.com/2022/03/eva-lewitt-nyc-ballet/
226,https://www.thisiscolossal.com/2022/03/daniel-rozin-shades/
227,https://www.thisiscolossal.com/2022/03/aquatic-images-whale-shark/
228,https://www.thisiscolossal.com/2022/03/kei-endo-hotel-rooms/
229,https://www.thisiscolossal.com/2022/03/tom-hegen-almeria-greenhouses/
230,https://www.thisiscolossal.com/2022/03/javier-perez-cardboard-illustration/
231,https://www.thisiscolossal.com/2022/03/glass-symphony-animals/
232,https://www.thisiscolossal.com/2022/03/naoki-onogawa-origami-bonsai/
233,https://www.thisiscolossal.com/2022/03/falles-valencia-dulk/
234,https://www.thisiscolossal.com/2022/03/oil-slick-tiffany-bozic/
235,https://www.thisiscolossal.com/2022/03/tania-yakunova-illustrations/
236,https://www.thisiscolossal.com/2022/03/marina-abramovic-ukraine-fundraiser/
237,https://www.thisiscolossal.com/2022/03/zadok-ben-david-blackfield/
238,https://www.thisiscolossal.com/2022/03/drift-interview/
239,https://www.thisiscolossal.com/2022/03/ukraine-vital-impacts-print-sale/
240,https://www.thisiscolossal.com/2022/03/digital-botanicals-by-ondrej-zunka/
241,https://www.thisiscolossal.com/2022/03/real-time-maarten-baas/
242,https://www.thisiscolossal.com/2022/03/sam-keller-soda-sculptures/
243,https://www.thisiscolossal.com/2022/03/willie-cole-no-strings/
244,https://www.thisiscolossal.com/2022/03/barry-webb-slime-molds/
245,https://www.thisiscolossal.com/2022/03/leo-caillard-marble-sculpture/
246,https://www.thisiscolossal.com/2022/03/spring-membership-drive/
247,https://www.thisiscolossal.com/2022/03/rose-veiled-fairy-wrasse/
248,https://www.thisiscolossal.com/2022/03/lisa-lloyd-circle-sculptures/
249,https://www.thisiscolossal.com/2022/03/sophie-woodrow-porcelain-sculptures/
250,https://www.thisiscolossal.com/2022/03/johan-deckmann-books/
251,https://www.thisiscolossal.com/2022/03/cecilia-levy-text-sculptures/
252,https://www.thisiscolossal.com/2022/03/levalet-street-art/
253,https://www.thisiscolossal.com/2022/03/art-peace-ukraine-fundraiser/
254,https://www.thisiscolossal.com/2022/03/maria-marta-morelli-peonies/
255,https://www.thisiscolossal.com/2022/03/endre-penovac-paintings/
256,https://www.thisiscolossal.com/2022/03/world-nature-photography-awards/
257,https://www.thisiscolossal.com/2022/03/social-justice-sewing-academy-interview/
258,https://www.thisiscolossal.com/2022/03/become-a-colossal-member/
259,https://www.thisiscolossal.com/2022/03/ebony-g-patterson-gardens/
260,https://www.thisiscolossal.com/2022/03/matilda-and-the-spare-head/
261,https://www.thisiscolossal.com/2022/03/benjamin-von-wong-plastic-tap/
262,https://www.thisiscolossal.com/2022/03/alex-ten-napel-chickens/
263,https://www.thisiscolossal.com/2022/03/hillary-waters-fayle-embroidery/
264,https://www.thisiscolossal.com/2022/03/shiyuan-xu-porcelain-sculptures/
265,https://www.thisiscolossal.com/2022/03/thomas-blanchard-bellatrix/
266,https://www.thisiscolossal.com/2022/03/michele-volpi-tattoos/
267,https://www.thisiscolossal.com/2022/03/sony-world-photography-contest-2022/
268,https://www.thisiscolossal.com/2022/03/angelika-arendt-sculpture/
269,https://www.thisiscolossal.com/2022/03/ethan-murrow-graphite/
270,https://www.thisiscolossal.com/2022/03/paperwolf-diy-kits/
271,https://www.thisiscolossal.com/2022/03/juri-nesterov-photographs/
272,https://www.thisiscolossal.com/2022/03/lee-hyun-joung-paintings/
273,https://www.thisiscolossal.com/2022/03/oye-diran-photos/
274,https://www.thisiscolossal.com/2022/03/kiva-ford-miniature-glass/
275,https://www.thisiscolossal.com/2022/03/maria-prymachenko-folk-art/
276,https://www.thisiscolossal.com/2022/03/andrea-love-pizza/
277,https://www.thisiscolossal.com/2022/03/rachel-dein-bas-relief/
278,https://www.thisiscolossal.com/2022/03/xiaojing-yan-sculptures/
279,https://www.thisiscolossal.com/2022/03/march-2022-artist-opportunities/
280,https://www.thisiscolossal.com/2022/03/dorothy-cross-marble-sculptures/
281,https://www.thisiscolossal.com/2022/03/hiroko-kubota-cat-embroideries/
282,https://www.thisiscolossal.com/2022/02/gaspart-birds-plants-music/
283,https://www.thisiscolossal.com/2022/02/pratt-professional-studies/
284,https://www.thisiscolossal.com/2022/02/monstrum-playground-animals/
285,https://www.thisiscolossal.com/2022/02/juha-tanhua-oil-spills/
286,https://www.thisiscolossal.com/2022/02/luke-jerram-glass-mircobiology/
287,https://www.thisiscolossal.com/2022/02/amanda-cobbett-embroidered-fungi/
288,https://www.thisiscolossal.com/2022/02/mari-hamahira-stone-sushi/
289,https://www.thisiscolossal.com/2022/02/kuu-pottery-wavy-ceramics/
290,https://www.thisiscolossal.com/2022/02/joanna-swirska-tattoos/
291,https://www.thisiscolossal.com/2022/02/joshua-singh-street-photography/
292,https://www.thisiscolossal.com/2022/02/foster-sakyiamah-paintings/
293,https://www.thisiscolossal.com/2022/02/new-herbal-leonhart-fuchs/
294,https://www.thisiscolossal.com/2022/02/ememem-pavement-mosaics/
295,https://www.thisiscolossal.com/2022/02/patrick-cabral-paper-sculptures/
296,https://www.thisiscolossal.com/2022/02/monterey-bay-deep-sea/
297,https://www.thisiscolossal.com/2022/02/canvy/
298,https://www.thisiscolossal.com/2022/02/sakura-hanafusa-cat-sculptures/
299,https://www.thisiscolossal.com/2022/02/ayumi-shibata-paper-sculptures/
