,title,pic,link
0,“Escape Velocity” Short Film by Tamás Rebák,https://www.stashmedia.tv/wp-content/uploads/Guinness-Goodness-Optical-Arts-Fabrice-Le-Nezet5-960x540.jpg,https://www.stashmedia.tv/escape-velocity-short-film-by-tamas-rebak/
1,Eagle Ottawa “Immersion” Product Film by Lunar North,https://www.stashmedia.tv/wp-content/uploads/Escape-Velocity-Short-Film-by-Tamás-Rebák8-640x360.jpg,https://www.stashmedia.tv/eagle-ottawa-immersion-product-film-by-lunar-north/
2,Imagine Dragons “Sharks” Music Video by Ingenuity Studios,https://www.stashmedia.tv/wp-content/uploads/Eagle-Ottawa-Immersion-Product-Film-Lunar-North8-640x360.jpg,https://www.stashmedia.tv/imagine-dragons-sharks-music-video-by-ingenuity-studios/
3,Stash 154 Turns Up the Summer Heat!,https://www.stashmedia.tv/wp-content/uploads/Imagine-Dragons-Sharks-Music-Video-by-Ingenuity-Studios8-640x360.jpg,https://www.stashmedia.tv/stash-154-turns-up-the-summer-heat/
4,Chevrolet “Black Bowtie” Spot by Nexthing Director Fu Binbin,https://www.stashmedia.tv/wp-content/uploads/154_Post-main-PIC-640x360.jpg,https://www.stashmedia.tv/chevrolet-black-bowtie-spot-by-nexthing-director-fu-binbin/
5,Ummet Ozcan “Oblivion” Music Video by Kouhei Nakama,https://www.stashmedia.tv/wp-content/uploads/960-launch-banner-gradient.jpg,https://www.stashmedia.tv/ummet-ozcan-oblivion-music-video-by-kouhei-nakama/
6,Doodles2 NFT.NYC 2022 Launch Film by Golden Wolf,https://www.stashmedia.tv/wp-content/uploads/Chevrolet-Black-Bowtie-Spot-by-Nexthing-Director-Fu-Binbin6-640x360.jpg,https://www.stashmedia.tv/doodles2-nft-nyc-2022-launch-film-by-golden-wolf/
7,Limitless Space Institute “Go Incredibly Fast” Explainer by Erik Wernquist,https://www.stashmedia.tv/wp-content/uploads/Ummet-Ozcan-Oblivion-Music-Video-Kouhei-Nakama-WOW8-640x360.jpg,https://www.stashmedia.tv/limitless-space-go-incredibly-fast-explainer-by-erik-wernquist/
8,“Lilith & Eve” Short Film by Samuel de Ceccatty,https://www.stashmedia.tv/wp-content/uploads/Goldenwolf-Doodles-2-NFT-Trailer7-640x360.jpg,https://www.stashmedia.tv/lilith-eve-short-film-by-samuel-de-ceccatty/
9,Antibody Updates Westworld Titles for Season 4,https://www.stashmedia.tv/wp-content/uploads/Limitless-Space-Go-Incredibly-Fast-ExplainerErik-Wernquist9-640x360.jpg,https://www.stashmedia.tv/antibody-updates-westworld-titles-for-season-4/
10,NASA “Solar Sailer” Explainer by Anton Weaver,https://www.stashmedia.tv/wp-content/uploads/Lilith-and-Eve-Short-Film-by-Samuel-de-Ceccatty7-640x360.jpg,https://www.stashmedia.tv/nasa-solar-sailer-explainer-by-anton-weaver/
11,52TOYS Brand Film by Simlynn and Pixel Workshop,https://www.stashmedia.tv/wp-content/uploads/Westworld-Titles-Season-4-by-Antibody7-1-640x360.jpg,https://www.stashmedia.tv/52toys-brand-film-by-simlynn-and-pixel-workshop/
12,Intel “Sensations” Art Film by Hussain Almossawi and Mossawi Studios,https://www.stashmedia.tv/wp-content/uploads/NASA-Solar-Sailer-Explainer-Anton-Weaver5-640x360.jpg,https://www.stashmedia.tv/intel-sensations-art-film-by-hussain-almossawi-and-mossawi-studios/
13,Logitech “Feel The Moment” Product Film by Trizz,https://www.stashmedia.tv/wp-content/uploads/52TOYS-Brand-Film-by-Simlynn-Pixel-Workshop-640x360.jpg,https://www.stashmedia.tv/logitech-feel-the-moment-brand-film-by-trizz/
0,Ulysse Nardin “Vertical Odyssey Trilogie” by I-réel,https://www.stashmedia.tv/wp-content/uploads/Shapes-ID-2.0-by-Shapes-and-Forms9-640x360.jpg,https://www.stashmedia.tv/ulysse-nardin-vertical-odyssey-trilogie-by-i-reel/
1,Maliboo Pays Tribute to Gerald Durrell’s Book “My Family and Other Animals”,https://www.stashmedia.tv/wp-content/uploads/Ulysse-Nardin-Vertical-Odyssey-Trilogie-by-I-reel8-640x360.jpg,https://www.stashmedia.tv/maliboo-pays-tribute-to-gerald-durrells-book-my-family-and-other-animals/
2,“The DMV Song” by Doug Alberts and Noodle,https://www.stashmedia.tv/wp-content/uploads/Maliboo-Gerald-Durrell-My-Family-and-Other-Animals6-640x360.jpg,https://www.stashmedia.tv/the-dmv-song-by-doug-alberts-and-noodle/
3,“Latitude Du Printemps” Student Short Film,https://www.stashmedia.tv/wp-content/uploads/The-DMV-Song-by-Doug-Alberts-and-Noodle7-640x360.jpg,https://www.stashmedia.tv/latitude-du-printemps-student-short-film/
4,New MINI “Editions” Courtesy of ManvsMachine,https://www.stashmedia.tv/wp-content/uploads/960-launch-banner-gradient.jpg,https://www.stashmedia.tv/manvsmachine-mints-editions-for-mini/
5,“Euphony” Short Film by Sylvain Gaussens,https://www.stashmedia.tv/wp-content/uploads/Latitude-Du-Printemps-Student-Short-Film4-640x337.jpg,https://www.stashmedia.tv/euphony-short-film-by-sylvain-gaussens/
6,Orelsan “The Quest” Music video by Victor Haegelin,https://www.stashmedia.tv/wp-content/uploads/MINI-Editions-by-ManvsMachine6-640x360.jpg,https://www.stashmedia.tv/orelsan-the-quest-music-video-by-victor-haegelin/
7,Polpharma “Forever Forest” Brand Film by Pigeon Studio,https://www.stashmedia.tv/wp-content/uploads/Euphony-Short-Film-by-Sylvain-Gaussens7-640x360.jpg,https://www.stashmedia.tv/polpharma-forever-forest-brand-film-by-pigeon-studio/
8,Air Max Day CG Billboard by Kota Iguchi and CEKAI,https://www.stashmedia.tv/wp-content/uploads/Wizz-Orelsan-The-quest-Music-video-640x360.jpg,https://www.stashmedia.tv/air-max-day-cg-billboard-by-kota-iguchi-and-cekai/
9,Aize Brand Film by Tendril,https://www.stashmedia.tv/wp-content/uploads/Polpharma-Forever-Forest-Brand-Film-by-Pigeon-Studio7-640x360.jpg,https://www.stashmedia.tv/aize-brand-film-by-tendril/
10,“UNICEF & Rabbids: Consent” PSA by Supamonks,https://www.stashmedia.tv/wp-content/uploads/Air-Max-Day-CG-Billboard-by-Kota-Iguchi-and-CEKAI8-640x360.jpg,https://www.stashmedia.tv/unicef-rabbids-consent-psa-by-supamonks/
11,Nike “Space Hippie” by Kasper Nyman,https://www.stashmedia.tv/wp-content/uploads/AIZE-Brand-Film-by-Tendril8-640x360.jpg,https://www.stashmedia.tv/nike-space-hippie-by-kasper-nyman/
12,“Keys” Short Film by 99C Works,https://www.stashmedia.tv/wp-content/uploads/UNICEF-Rabbids-Consent-PSA-by-Supamonks-640x360.jpg,https://www.stashmedia.tv/keys-short-film-by-99c-works/
0,Zara Woman “Studio Spring Summer ‘22 Collection” by Ignasi Monreal and The Mill,https://www.stashmedia.tv/wp-content/uploads/Akoni-Ak-Sprint-Product-Film-by-SubDivision-Studio4-640x360.jpg,https://www.stashmedia.tv/zara-woman-studio-spring-summer-22-collection-by-ignasi-monreal-and-the-mill/
1,Rimowa “An Alphabet” Brand Film by Any Other Name and Dada Projects,https://www.stashmedia.tv/wp-content/uploads/Zara-Woman-Spring-Summer-22-Collection-by-Ignasi-Monreal-and-The-Mill8-640x360.jpg,https://www.stashmedia.tv/rimowa-an-alphabet-by-any-other-name-and-dada-projects/
2,Andy Martin is Obsessed with “Box Reviews!!”,https://www.stashmedia.tv/wp-content/uploads/Rimowa-An-Alphabet-by-Any-Other-Name-and-Dada-Projects4-640x360.jpg,https://www.stashmedia.tv/andy-martin-is-obsessed-with-box-reviews/
3,“The Last Days of Ptolemy Grey” Main Titles by Arisu Kashiwagi,https://www.stashmedia.tv/wp-content/uploads/Andy-Martin-Short-Film-Box-Reviews5-640x360.jpg,https://www.stashmedia.tv/the-last-days-of-ptolemy-grey-main-titles-by-arisu-kashiwagi/
4,Preview All the Projects Included in Stash 152,https://www.stashmedia.tv/wp-content/uploads/960-launch-banner-gradient.jpg,https://www.stashmedia.tv/preview-all-the-projects-included-in-stash-152/
5,“The Misfortune Cookie” Cartoon Noir Short Film by Againstallodds,https://www.stashmedia.tv/wp-content/uploads/The-Last-Days-of-Ptolemy-Grey-Titles-by-Arisu-Kashiwagi8-640x360.jpg,https://www.stashmedia.tv/the-misfortune-cookie-cartoon-noir-short-film-by-againstallodds/
6,Giant Ant Overthinks “Milk” in New Short Film,https://www.stashmedia.tv/wp-content/uploads/152_Post-main-PIC-640x360.jpg,https://www.stashmedia.tv/giant-ant-overthinks-milk-in-new-short-film/
7,“Per Aspera Ad Astra” Short Film by Franck Dion and Papy3D,https://www.stashmedia.tv/wp-content/uploads/The-Misfortune-Cookie-Cartoon-Noir-Short-Film-by-Againstallodds7-640x360.jpg,https://www.stashmedia.tv/per-aspera-ad-astra-short-film-by-franck-dion-and-papy3d/
8,Taxfreefilm Gets Us Face to Face with Omega,https://www.stashmedia.tv/wp-content/uploads/Giant-Ant-Overthinks-Milk-in-New-Short-Film4-640x360.jpg,https://www.stashmedia.tv/taxfreefilm-gets-us-face-to-face-with-omega/
9,Hoodies for the Homeless Music Video by Sean Wehrli and Mayukh Goswami,https://www.stashmedia.tv/wp-content/uploads/Per-Aspera-Ad-Astra-Short-Film-by-Franck-Dion-and-Papy3D9-640x360.jpg,https://www.stashmedia.tv/hoodies-for-the-homeless-music-video-by-sean-wehrli-and-mayukh-goswami/
10,Ordinary Folk Uses Spline to Introduce Spline,https://www.stashmedia.tv/wp-content/uploads/Taxfreefilm-brand-film-for-Omega-Watches6-640x360.jpg,https://www.stashmedia.tv/ordinary-folk-introduces-spline/
11,Google CES Art Breaks by Block & Tackle,https://www.stashmedia.tv/wp-content/uploads/Hoodies-for-the-Homeless-Music-Video-Sean-Wehrli-Mayukh-Goswami7-640x360.jpg,https://www.stashmedia.tv/google-ces-art-breaks-by-block-tackle/
12,“The Sam Story” Short Film by Richard Noble,https://www.stashmedia.tv/wp-content/uploads/Spline-Explainer-video-by-Ordinary-Folk-640x360.jpg,https://www.stashmedia.tv/the-sam-story-short-film-by-richard-noble/
0,The Extravagants “Zero into Nine” Music Video by Little Fluffy Clouds,https://www.stashmedia.tv/wp-content/uploads/Naraka-Bladepoint-Crimson-WinterLaunch-Film-LeCube-Final-Frontier13-640x360.jpg,https://www.stashmedia.tv/the-extravagants-zero-into-nine-music-video-by-little-fluffy-clouds/
1,Russian Animators Unite Against War with “HET BOЙHE” Compilations,https://www.stashmedia.tv/wp-content/uploads/The-Extravagants-Zero-into-Nine-Music-Video-by-Little-Fluffy-Clouds7-640x360.jpg,https://www.stashmedia.tv/russian-animators-unite-against-war-with-het-bo%d0%b9he-compilations/
2,Louis Poulsen 2022 Product Films by Frame,https://www.stashmedia.tv/wp-content/uploads/Russian-Animators-Unite-Against-War-in-Ukraine-640x360.jpg,https://www.stashmedia.tv/louis-poulsen-vl-studio-and-panthella-product-films-by-frame/
3,Rosemary Health “Rosemary Feels Better” by Cirkus,https://www.stashmedia.tv/wp-content/uploads/Louis-Poulsen-VL-Studio-and-Panthella-Product-Films-by-Frame3-640x360.jpg,https://www.stashmedia.tv/rosemary-health-rosemary-feels-better-by-cirkus/
4,“Stories to be Remembered” Short Film by Animagic,https://www.stashmedia.tv/wp-content/uploads/960-launch-banner-gradient.jpg,https://www.stashmedia.tv/stories-to-be-remembered-short-film-by-animagic/
5,“Distracted” Short Film by Al Boardman,https://www.stashmedia.tv/wp-content/uploads/Rosemary-Health-Rosemary-Feels-Better-Cirkus9-640x360.jpg,https://www.stashmedia.tv/distracted-short-film-by-al-boardman/
6,Louis Vuitton “Les Extraits Collection” Brand Films by Already Been Chewed,https://www.stashmedia.tv/wp-content/uploads/Stories-to-be-Remembered-Short-Film-Animagic10-640x360.jpg,https://www.stashmedia.tv/louis-vuitton-les-extraits-collection-by-already-been-chewed/
7,Giants Orchestra Brand Film and Passion Project by Miles Hellyer,https://www.stashmedia.tv/wp-content/uploads/Distracted-Short-Film-by-Al-Boardman8-640x360.jpg,https://www.stashmedia.tv/giants-orchestra-brand-film-and-passion-project-by-miles-hellyer/
8,“HUXLEY” Feature Main Trailer by Sava Zivkovic,https://www.stashmedia.tv/wp-content/uploads/Louis-Vuitton-Les-Extraits-Collection-Already-Been-Chewed7-640x360.jpg,https://www.stashmedia.tv/huxley-feature-main-trailer-by-sava-zivkovic/
9,Pinball Clemons Foundation “The Game of Life” by Yellow Lab and FUSE Create,https://www.stashmedia.tv/wp-content/uploads/Giants-Orchestra-Brand-Film-Miles-Hellyer7-640x360.jpg,https://www.stashmedia.tv/pinball-clemons-foundation-the-game-of-life-by-yellow-lab-and-fuse-create/
10,Smith & Foulkes Spread Their Wings for South Western Railway,https://www.stashmedia.tv/wp-content/uploads/HUXLEY-Feature-Main-Trailer-Sava-Zivkovic7-640x360.jpg,https://www.stashmedia.tv/smith-foulkes-spread-their-wings-for-south-western-railway/
11,Max Cooper “Exotic Contents” Music video by Xander Steenbrugge,https://www.stashmedia.tv/wp-content/uploads/Pinball-Clemons-Foundation-The-Game-of-Life-by-Yellow-Lab-FUSE-Create8-640x360.jpg,https://www.stashmedia.tv/max-cooper-exotic-contents-music-video-by-xander-steenbrugge/
12,Pixel Farm Marks 2/22/22 with “Twosday” Short Film,https://www.stashmedia.tv/wp-content/uploads/Smith-Foulkes-Spread-Your-Wings-South-Western-Railway5-640x360.jpg,https://www.stashmedia.tv/pixel-farm-marks-2-22-22-with-twosday-short-film/
0,“30 Days of Nike” by Feral Child,https://www.stashmedia.tv/wp-content/uploads/Estee-Lauder-Craftmanship-FILFURY-The-Mill8-640x360.jpg,https://www.stashmedia.tv/30-days-of-nike-by-feral-child/
1,Brawl Stars “Rico in Love” Trailer by Psyop,https://www.stashmedia.tv/wp-content/uploads/30-Days-of-NIKE-by-Feral-Child8-640x360.jpg,https://www.stashmedia.tv/brawl-stars-rico-in-love-trailer-by-psyop/
2,UBS x Fondation Beyeler “What is Art?” by Part of a Bigger Plan,https://www.stashmedia.tv/wp-content/uploads/Brawl-Stars-Rico-in-Love-Trailer-Psyop3-640x360.jpg,https://www.stashmedia.tv/ubs-x-fondation-beyeler-what-is-art-by-part-of-a-bigger-plan/
3,River in Paris Launches River Paris Perfume (Sort of),https://www.stashmedia.tv/wp-content/uploads/UBS-Fondation-Beyeler-What-is-Art-Part-of-a-Bigger-Plan9-640x360.jpg,https://www.stashmedia.tv/river-launches-river-paris-perfume-sort-of/
4,“The Rift” Animated Short Film by Olivier Lescot and Eddy,https://www.stashmedia.tv/wp-content/uploads/960-launch-banner-gradient.jpg,https://www.stashmedia.tv/the-rift-animated-short-film-by-olivier-lescot-and-eddy/
5,Ecovative Brand Film by Vantage Films and SuperFly,https://www.stashmedia.tv/wp-content/uploads/River-Launches-River-Paris-Perfume-640x360.jpg,https://www.stashmedia.tv/ecovative-brand-film-by-vantage-films-and-superfly/
6,Plastic Pollution Coalition “A Love Letter to Plastic” by Nicolo Bianchino,https://www.stashmedia.tv/wp-content/uploads/The-Rift-Animated-Short-Film-Olivier-Lescot-and-Eddy-640x360.jpg,https://www.stashmedia.tv/plastic-pollution-coalition-a-love-letter-to-plastic-by-nicolo-bianchino/
7,“Life #1” Art Film and Digital Gallery by Tendril,https://www.stashmedia.tv/wp-content/uploads/Ecovative-Brand-Film-by-Vantage-Films-and-SuperFly8-640x360.jpg,https://www.stashmedia.tv/life-1-art-film-by-tendril/
8,Tears For Fears “Break The Man” Music Video by WeWereMonkeys,https://www.stashmedia.tv/wp-content/uploads/Plastic-Pollution-Coalition-A-Love-Letter-to-Plastic-Nicolo-Bianchino4-640x360.jpg,https://www.stashmedia.tv/tears-for-fears-break-the-man-music-video-by-weweremonkeys/
9,Motion Design School “Frame by Frame Ninja” Promo by Elias Velho,https://www.stashmedia.tv/wp-content/uploads/Life-1-Art-Film-Tendril8-640x360.jpg,https://www.stashmedia.tv/motion-design-school-frame-by-frame-ninja-by-elias-velho/
10,Swatch “Valentine’s Day 2022” by Bark&Bite,https://www.stashmedia.tv/wp-content/uploads/Tears-For-Fears-Break-The-Man-Music-Video-WeWereMonkeys2-638x360.jpg,https://www.stashmedia.tv/swatch-valentines-day-2022-by-barkbite/
11,The Japan Foundation “Stage Beyond Borders” by Device,https://www.stashmedia.tv/wp-content/uploads/Motion-Design-School-Frame-by-Frame-Ninja-Elias-Velho5-640x360.jpg,https://www.stashmedia.tv/the-japan-foundation-stage-beyond-borders-by-device/
12,“Wisher” TV Series Main Titles by Flatwhite Motion,https://www.stashmedia.tv/wp-content/uploads/Swatch-Valentines-Day-2022-BarkBite9-640x360.jpg,https://www.stashmedia.tv/wisher-tv-series-main-titles-by-flatwhite-motion/
0,Stake “The Takeover” Launch by Augenblick Studios,https://www.stashmedia.tv/wp-content/uploads/The-Macallan-M-M-Black-Tigrelab9-640x360.jpg,https://www.stashmedia.tv/stake-the-takeover-launch-by-augenblick-studios/
1,Run Kick Shout Helps Launch NFT Profile Pix for Twitter,https://www.stashmedia.tv/wp-content/uploads/Stake-The-Takeover-Augenblick-Studios8-640x360.jpg,https://www.stashmedia.tv/run-kick-shout-helps-launch-nft-profile-pix-for-twitter/
2,“Eternals” End Title Sequence by Method Studios,https://www.stashmedia.tv/wp-content/uploads/Twitter-NFT-Profile-Pix-Run-Kick-Shout7-640x360.jpg,https://www.stashmedia.tv/eternals-end-title-sequence-by-method-studios/
3,“Major Grom: Plague Doctor” Opening Titles by Dobro,https://www.stashmedia.tv/wp-content/uploads/Eternals-End-Titles-Method-Studios9-640x360.jpg,https://www.stashmedia.tv/major-grom-plague-doctor-opening-titles-by-dobro/
4,Tendril Launches the “Big Bang Integral Time Only” Collection for Hublot,https://www.stashmedia.tv/wp-content/uploads/960-launch-banner-gradient.jpg,https://www.stashmedia.tv/tendril-launches-the-big-bang-integral-time-only-collection-for-hublot/
5,SAES Design House “Nebula Project” by Jesus Suarez,https://www.stashmedia.tv/wp-content/uploads/Major-Grom-Plague-Doctor-Opening-Titles-Dobro9-640x360.jpg,https://www.stashmedia.tv/saes-design-house-nebula-project-by-jesus-suarez/
6,Unboxing Amazon Music with Stevie Gee & Essy May at Blinkink,https://www.stashmedia.tv/wp-content/uploads/Tendril-Big-Bang-Integral-Time-Only-Hublot8-640x360.jpg,https://www.stashmedia.tv/unboxing-amazon-music-with-stevie-gee-essy-may-at-blinkink/
7,Mozilla “Amaya’s Flashlight” by Polyester Studio,https://www.stashmedia.tv/wp-content/uploads/SAES-Design-House-Nebula-Project-Jesus-Suarez8-640x360.jpg,https://www.stashmedia.tv/mozilla-amayas-flashlight-by-polyester-studio/
8,Timeline Nutrition Product Film by Sebastian Helene,https://www.stashmedia.tv/wp-content/uploads/Unboxing-Amazon-Music-Stevie-Gee-Essy-May-Blinkink9-640x360.jpg,https://www.stashmedia.tv/timeline-nutrition-product-film-by-sebastian-helene/
9,Digital Kitchen Lights Up the Vegas Strip,https://www.stashmedia.tv/wp-content/uploads/Mozilla-Amayas-Flashlight-Polyester-Studio-640x360.jpg,https://www.stashmedia.tv/digital-kitchen-lights-up-the-vegas-strip-resorts-world-las-vegas/
10,“Your Mountain is Waiting” Short Film by Hannah Jacobs and Harriet Gillian,https://www.stashmedia.tv/wp-content/uploads/Timeline-Nutrition-Product-Film-Sebastian-Helene-640x360.jpg,https://www.stashmedia.tv/your-mountain-is-waiting-short-film-by-hannah-jacobs-and-harriet-gillian/
11,Pandayoghurt Blurs the Organic and Digital for Verizon,https://www.stashmedia.tv/wp-content/uploads/Digital-Kitchen-Resorts-World-Las-Vegas8-640x360.jpg,https://www.stashmedia.tv/pandayoghurt-blurs-the-organic-and-digital-for-verizon/
12,VanMoof “Hard Times for Super Thieves” by Tobias Fouracre,https://www.stashmedia.tv/wp-content/uploads/Your-Mountain-is-Waiting-Short-Film-Hannah-Jacobs-Harriet-Gillian2-640x360.jpg,https://www.stashmedia.tv/vanmoof-hard-times-for-super-thieves-by-tobias-fouracre/
0,BBC Winter Olympics “Extreme by Nature” by Balazs Simon and Blinkink (with Making-Of Video),https://www.stashmedia.tv/wp-content/uploads/Yves-Geleyn-Rings-in-the-Lunar-New-Year-for-Coca-Cola8-640x360.jpg,https://www.stashmedia.tv/bbc-winter-olympics-2022-by-balazs-simon-and-blinkink/
1,Hublot x Murakami “Sapphire Rainbow” Launch Film by XK Studio,https://www.stashmedia.tv/wp-content/uploads/BBC-Winter-Olympics-2022-Balazs-Simon-Blinkink2-640x360.jpg,https://www.stashmedia.tv/hublot-x-murakami-sapphire-rainbow-launch-film-by-xk-studio/
2,Doritos “Another Level” by Henry Scholfield and Artjail (Director’s Cut),https://www.stashmedia.tv/wp-content/uploads/Hublot-Sapphire-Rainbow-Launch-Film-XK-Studio10-640x360.jpg,https://www.stashmedia.tv/doritos-another-level-by-henry-scholfield-and-artjail-directors-cut/
3,Sou Ootsuki Unleashes Anime Action for ChroNoiR × vaultroom,https://www.stashmedia.tv/wp-content/uploads/Doritos-Another-Level-Henry-Scholfield-and-Artjail8-640x360.jpg,https://www.stashmedia.tv/takashi-ohashi-unleashes-anime-action-for-chronoir-x-vaultroom/
4,Police Dog Hogan “Here Comes Crow” Music Video by Jac Clinch and Blinkink,https://www.stashmedia.tv/wp-content/uploads/960-launch-banner-gradient.jpg,https://www.stashmedia.tv/police-dog-hogan-here-comes-crow-music-video-by-jac-clinch-and-blinkink/
5,Samsung “The Marketplace” by Matthijs Van Heijningen and The Mill Paris,https://www.stashmedia.tv/wp-content/uploads/Takashi-Ohashi-Anime-Action-for-ChroNoiR-×-vaultroom7-640x360.jpg,https://www.stashmedia.tv/samsung-the-marketplace-by-matthijs-van-heijningen-and-the-mill-paris/
6,“The Choe Show” Broadcast Package by Impactist for FX Networks,https://www.stashmedia.tv/wp-content/uploads/Police-Dog-Hogan-Here-Comes-Crow-Music-Video-by-Jac-Clinch-Blinkink7-640x360.jpg,https://www.stashmedia.tv/the-choe-show-broadcast-package-by-impactist-for-fx-networks/
7,Oatly “The New Norm&Al Show” Episodes by Conor Finnegan and Nexus,https://www.stashmedia.tv/wp-content/uploads/Samsung-The-Marketplace-Matthijs-Van-Heijningen-The-Mill7-640x360.jpg,https://www.stashmedia.tv/oatly-the-new-normal-show-by-conor-finnegan-and-nexus/
8,Naraka Championship Launch Trailer by Sehsucht and Final Frontier,https://www.stashmedia.tv/wp-content/uploads/FX-Networks-The-Choe-Show-Impactist7-640x360.jpg,https://www.stashmedia.tv/naraka-championship-trailer-by-sehsucht-and-final-frontier/
9,Start the Year Inspired with a Preview of Stash 151,https://www.stashmedia.tv/wp-content/uploads/Oatly-The-New-NormAl-Show-Conor-Finnegan-Nexus3-640x360.jpg,https://www.stashmedia.tv/start-the-year-inspired-with-a-preview-of-stash-151/
10,Robert Valley’s Oscar Nominated Short “Pear Cider and Cigarettes”,https://www.stashmedia.tv/wp-content/uploads/Naraka-Championship-Trailer-HANZOHANZO-Sehsucht-Final-Frontier8-640x360.jpg,https://www.stashmedia.tv/robert-valleys-oscar-nominated-short-pear-cider-and-cigarettes/
11,HP “Printing Trees” Spot by Megaforce and Kevin,https://www.stashmedia.tv/wp-content/uploads/151_Post-main-PIC2-640x360.jpg,https://www.stashmedia.tv/hewlett-packard-printing-trees-spot-by-megaforce-and-kevin/
12,“Power Junk” Short Film by Peter Tomaszewicz,https://www.stashmedia.tv/wp-content/uploads/Robert-Valley-Pear-Cider-and-Cigarettes7-640x360.jpg,https://www.stashmedia.tv/power-junk-short-film-by-peter-tomaszewicz/
0,KIDSØ “Finja” Music Video by Swann+Yoann,https://www.stashmedia.tv/wp-content/uploads/VIPP-Shelter-CG-Visualization-Serkan-Celik7-640x360.jpg,https://www.stashmedia.tv/kidso-finja-music-video-by-swannyoann/
1,Burberry Hero Launch Film by Analog,https://www.stashmedia.tv/wp-content/uploads/KIDSO-Finja-Music-Video-SwannYoann7-640x360.jpg,https://www.stashmedia.tv/burberry-hero-launch-film-by-analog/
2,Sneakers BR “StanSmith: Boto Cor de Rosa” Spot by Vinicius Lavor and Enzo Kinukawa,https://www.stashmedia.tv/wp-content/uploads/Burberry-Hero-Launch-Film-by-Analog6-640x360.jpg,https://www.stashmedia.tv/sneakers-br-stansmith-boto-cor-de-rosa-spot-by-vinicius-lavor-and-enzo-kinukawa/
3,BlinkInk’s Renee Zhan Asks “What’s that Lurking in the Basement?”,https://www.stashmedia.tv/wp-content/uploads/Sneakers-BR-Adidas-Stan-Smith-Boto-Cor-de-Rosa-640x360.jpg,https://www.stashmedia.tv/blinkinks-renee-zhan-asks-whats-that-lurking-in-the-basement/
4,Dorian & Daniel Craft a Not So Wonderful World for Erste Bank,https://www.stashmedia.tv/wp-content/uploads/960-launch-banner-gradient.jpg,https://www.stashmedia.tv/dorian-daniel-craft-a-not-so-wonderful-world-for-erste-bank/
5,Optical Arts Highlights the Technology of Domestic Abuse for Refuge,https://www.stashmedia.tv/wp-content/uploads/BlinkInk-Renee-Zhan-Whats-that-Lurking-in-the-Basement7-640x360.jpg,https://www.stashmedia.tv/optical-arts-highlights-the-technology-of-domestic-abuse-for-refuge/
6,Netflix “Hilda & The Mountain King” Titles by Giant Ant,https://www.stashmedia.tv/wp-content/uploads/Dorian-Daniel-In-Our-Hands-Erste-Bank-640x360.jpg,https://www.stashmedia.tv/netflix-hilda-the-mountain-king-main-title-by-giant-ant/
7,"“Arcadia” Short Film / NFT by Andrés Reisinger, RAC, and Arch Hades",https://www.stashmedia.tv/wp-content/uploads/Optical-Arts-50-Years-Refuge-BBH-640x360.jpg,https://www.stashmedia.tv/arcadia-short-film-nft-by-andres-reisinger-rac-and-arch-hades/
8,Plátano de Canarias “La Palma Renacerá” by Manson and Bliss,https://www.stashmedia.tv/wp-content/uploads/Netflix-Hilda-The-Mountain-King-Main-Title-Giant-Ant7-640x360.jpg,https://www.stashmedia.tv/platano-de-canarias-la-palma-renacera-by-manson-and-bliss/
9,Best of Stash 2021: VFX,https://www.stashmedia.tv/wp-content/uploads/Arcadia-Short-Film-NFT-Andres-Reisinger-RAC-Arch-Hades9-640x360.jpg,https://www.stashmedia.tv/best-of-stash-2021-vfx/
10,Best of Stash 2021: Game Films,https://www.stashmedia.tv/wp-content/uploads/Platano-de-Canarias-La-Palma-Renacera-Manson-Bliss7-640x360.jpg,https://www.stashmedia.tv/best-of-stash-2021-game-films/
11,Best of Stash 2021: Explainers,https://www.stashmedia.tv/wp-content/uploads/Best-of-Stash-2021-VFX2-640x360.jpg,https://www.stashmedia.tv/best-of-stash-2021-explainers/
12,Best of Stash 2021: Music Videos,https://www.stashmedia.tv/wp-content/uploads/Best-of-Stash-2021-Game-films-640x360.jpg,https://www.stashmedia.tv/best-of-stash-2021-music-videos/
0,Best of Stash 2021: Short Films,https://www.stashmedia.tv/wp-content/uploads/Best-of-Stash-2021-Advertising-640x360.jpg,https://www.stashmedia.tv/best-of-stash-2021-short-films/
1,Best of Stash 2021: Character Animation,https://www.stashmedia.tv/wp-content/uploads/Best-of-Stash-2021-Short-Films-640x360.jpg,https://www.stashmedia.tv/best-of-stash-2021-character-animation/
2,Best of Stash 2021: Titles and Broadcast Design,https://www.stashmedia.tv/wp-content/uploads/Best-of-Stash-2021-Character-Animation2-640x360.jpg,https://www.stashmedia.tv/best-of-stash-2021-titles-and-broadcast-design/
3,Best of Stash 2021: Brand Films,https://www.stashmedia.tv/wp-content/uploads/Best-of-Stash-2021-titles-640x360.jpg,https://www.stashmedia.tv/best-of-stash-2021-brand-films/
4,Best of Stash 2021: 3D Style,https://www.stashmedia.tv/wp-content/uploads/960-launch-banner-gradient.jpg,https://www.stashmedia.tv/best-of-stash-2021-3d-style/
5,PROPERCHIPS “Done Properly” Spot by Jack Brown and BlinkInk,https://www.stashmedia.tv/wp-content/uploads/Best-of-Stash-2021-Brand-Films-640x360.jpg,https://www.stashmedia.tv/properchips-done-properly-by-jack-brown-and-blinkink/
6,Edeka “Drip” Holiday Spot by Christopher Riggert and The Mill,https://www.stashmedia.tv/wp-content/uploads/Best-of-Stash-2021-3D-Style-640x360.jpg,https://www.stashmedia.tv/edeka-drip-holiday-spot-by-christopher-riggert-and-the-mill/
7,Sci-fi Comedy “Floaters: The Big Number 2” by Karl Poyzer and Joseph Roberts,https://www.stashmedia.tv/wp-content/uploads/PROPERCHIPS-Done-Properly-Jack-Brown-BlinkInk7-640x360.jpg,https://www.stashmedia.tv/floaters-the-big-number-2-by-karl-poyzer-and-joseph-roberts/
8,Imaginary Forces Opens “The Wheel of Time” for Amazon,https://www.stashmedia.tv/wp-content/uploads/Edeka-Drip-Christopher-Riggert-The-Mill8-640x360.jpg,https://www.stashmedia.tv/imaginary-forces-opens-the-wheel-of-time-for-amazon/
9,João Vaz Oliveira Honors Creatives that Inspire Him in “Block” Short Film,https://www.stashmedia.tv/wp-content/uploads/Floaters-The-Big-Number-2-Karl-Poyzer-Joseph-Roberts8-640x360.jpg,https://www.stashmedia.tv/joao-vaz-oliveira-honors-creatives-that-inspire-him-in-block-short-film/
10,Dell Rugged Laptop Spots by Iamstatic and Bodega,https://www.stashmedia.tv/wp-content/uploads/Imaginary-Forces-The-Wheel-of-Time-Amazon8-640x360.jpg,https://www.stashmedia.tv/dell-rugged-laptop-spots-by-iamstatic-and-bodega/
11,“Climate Emergency – Exquisite Corpse” by Yves Paradis and Friends,https://www.stashmedia.tv/wp-content/uploads/FEATURED-POSTS-137-640x360.jpg,https://www.stashmedia.tv/climate-emergency-exquisite-corpse-by-yves-paradis-and-friends/
12,Testset “Honeydew” Music Video by Paul Plowman and Greedy Goons,https://www.stashmedia.tv/wp-content/uploads/Dell-Rugged-Laptop-Spots-by-Iamstatic-Bodega8-640x360.jpg,https://www.stashmedia.tv/testset-honeydew-music-video-by-paul-plowman-and-greedy-goons/
0,Toyota “Nora’s Joy” Holiday Spot by Kyra & Constantin and Passion Pictures,https://www.stashmedia.tv/wp-content/uploads/Media.Work-Foam-short-film7-640x360.jpg,https://www.stashmedia.tv/toyota-noras-joy-by-kyra-constantin-and-passion-pictures/
1,OFFF Vienna 2021 “Repeater” Title Film by Ian Bradley and Carbon,https://www.stashmedia.tv/wp-content/uploads/Toyota-Noras-Joy-by-Kyra-Constantin-Passion-Pictures8-640x360.jpg,https://www.stashmedia.tv/offf-vienna-2021-repeater-title-film-by-ian-bradley-and-carbon/
2,Unbabel “Tone of Voice” Explainer by Favo Studio,https://www.stashmedia.tv/wp-content/uploads/OFFF-Vienna-Repeater-Film-Ian-Bradley-and-Carbon9-640x360.jpg,https://www.stashmedia.tv/unbabel-tone-of-voice-explainer-by-favo-studio/
3,Albert Heijn “A Hamster Love Story” by Jelle de Jonge and Ambassadors,https://www.stashmedia.tv/wp-content/uploads/Unbabel-Tone-of-Voice-Explainer-FAVO-Studio7-640x360.jpg,https://www.stashmedia.tv/albert-heijn-a-hamster-love-story-by-jelle-de-jonge-and-ambassadors/
4,Fabian Aerts Explores the “Paradigm” in New Short Film,https://www.stashmedia.tv/wp-content/uploads/960-launch-banner-gradient.jpg,https://www.stashmedia.tv/fabian-aerts-explores-the-paradigm-in-new-short-film/
5,Twitter’s Perfect Christmas Ad by  Roxane Campoy and Passion Paris,https://www.stashmedia.tv/wp-content/uploads/Albert-Heijn-A-Hamster-Love-Story-Jelle-de-Jonge-Ambassadors6-640x360.jpg,https://www.stashmedia.tv/twitters-perfect-christmas-ad-by-roxane-campoy-and-passion-paris/
6,Returning to “The House of Nespresso” with FutureDeluxe and Fable FX,https://www.stashmedia.tv/wp-content/uploads/Fabian-Aerts-Paradigm-Short-Film8-640x360.jpg,https://www.stashmedia.tv/the-house-of-nespresso-by-futuredeluxe-and-fable-fx/
7,“IHR” Short Film by Amélie Cochet and Louis Möhrle,https://www.stashmedia.tv/wp-content/uploads/Twitter-Perfect-Christmas-Ad-Roxane-Campoy-Passion-Paris6-640x360.jpg,https://www.stashmedia.tv/ihr-short-film-by-amelie-cochet-and-louis-mohrle/
8,Free Fire “Booyah Day” Trailer by Jon Saunders and Passion Pictures,https://www.stashmedia.tv/wp-content/uploads/The-House-of-Nespresso-FutureDeluxe-Fable-FX8-640x360.jpg,https://www.stashmedia.tv/free-fire-booyah-day-trailer-by-jon-saunders-and-passion-pictures/
9,“La Neige Incertaine” GOBELINS 2021 Graduation Short Film,https://www.stashmedia.tv/wp-content/uploads/IHR-Short-Film-Amélie-Cochet-and-Louis-Mohrle7-640x360.jpg,https://www.stashmedia.tv/la-neige-incertaine-gobelins-2021-graduation-short-film/
10,RAF “The Ultimate Level” Spot by Ryan Dzierzek and Engine,https://www.stashmedia.tv/wp-content/uploads/Free-Fire-Booyah-Day-Jon-Saunders-Passion-Pictures7-640x360.jpg,https://www.stashmedia.tv/raf-the-ultimate-level-spot-by-ryan-dzierzek-and-engine/
11,UNESCO #CookieFactory Promo by makemepulse and Mikros MPC,https://www.stashmedia.tv/wp-content/uploads/La-Neige-Incertaine-GOBELINS-Short-Film7-640x360.jpg,https://www.stashmedia.tv/unesco-cookiefactory-promo-by-makemepulse-and-mikros-image/
12,Kenzo Perfumes’ Christmas Campaign by Parallel Studio,https://www.stashmedia.tv/wp-content/uploads/RAF-The-Ultimate-Level-Ryan-Dzierzek-Engine7-640x360.jpg,https://www.stashmedia.tv/kenzo-perfumes-christmas-campaign-by-parallel-studio/
0,“Tamo Junto” Short Film by Pedro Conti and Flooul Animation,https://www.stashmedia.tv/wp-content/uploads/Oppo-Reno6-brand-film-Tendril-640x360.jpg,https://www.stashmedia.tv/tamo-junto-short-film-by-pedro-conti-and-flooul-animation/
1,Lumbre Uncorks a Kaleidoscope for Ménage à Trois,https://www.stashmedia.tv/wp-content/uploads/Tamo-Junto-Short-Film-Pedro-Conti8-640x360.jpg,https://www.stashmedia.tv/lumbre-uncorks-a-kaleidoscope-for-menage-a-trois/
2,Amazon Prime “An Unlikely Friendship” by Chris Balmond and The Mill,https://www.stashmedia.tv/wp-content/uploads/Lumbre-CG-commercial-for-Menage-a-Trois7-640x360.jpg,https://www.stashmedia.tv/amazon-prime-an-unlikely-friendship-by-chris-balmond-and-the-mill/
3,“The Last Pilot” Short Film by Ross Sneddon,https://www.stashmedia.tv/wp-content/uploads/Amazon-Prime-An-Unlikely-Friendship-Chris-Balmond-The-Mill7-640x360.jpg,https://www.stashmedia.tv/the-last-pilot-short-film-by-ross-sneddon/
4,“Les Dieux Changeants” Short Film by Lucio Arese,https://www.stashmedia.tv/wp-content/uploads/960-launch-banner-gradient.jpg,https://www.stashmedia.tv/les-dieux-changeants-short-film-by-lucio-arese/
5,Margherita Premuroso’s Ominous Opening for the Torino Film Festival,https://www.stashmedia.tv/wp-content/uploads/The-Last-Pilot-Short-Film-Ross-Sneddon10-640x360.jpg,https://www.stashmedia.tv/margherita-premurosos-ominous-opening-for-the-torino-film-festival/
6,Pleid St. Invites You Into the Vlisco Garden,https://www.stashmedia.tv/wp-content/uploads/Les-Dieux-Changeants-Short-Film-Lucio-Arese7-640x360.jpg,https://www.stashmedia.tv/pleid-st-invites-you-into-the-vlisco-garden/
7,Tripping with Clubcamping and Their New Short Film “Tartarus”,https://www.stashmedia.tv/wp-content/uploads/Margherita-Premuroso-RAI-Torino-Film-Festival8-640x360.jpg,https://www.stashmedia.tv/tripping-with-clubcamping-and-their-new-short-film-tartarus/
8,GOSH Charity “One Step Closer to Home” by Tjoff Koong and Strange Beast,https://www.stashmedia.tv/wp-content/uploads/Pleid-St-Vlisco-Garden-640x360.jpg,https://www.stashmedia.tv/gosh-charity-one-step-closer-to-home-by-tjoff-koong-and-strange-beast/
9,IGA “The Trophy” Christmas Film by Mathematic,https://www.stashmedia.tv/wp-content/uploads/Clubcamping-Animated-Short-Film-Tartarus8-640x360.jpg,https://www.stashmedia.tv/iga-the-trophy-christmas-film-by-mathematic/
10,“Migrants” PÔLE 3D Animated Graduation Film,https://www.stashmedia.tv/wp-content/uploads/GOSH-Charity-One-Step-Closer-to-Home-Strange-Beast8-640x360.jpg,https://www.stashmedia.tv/migrants-pole-3d-animated-grad-film/
11,“Louise” GOBELINS 2021 Graduation Short Film,https://www.stashmedia.tv/wp-content/uploads/IGA-The-Trophy-Christmas-Film-Mathematic7-640x360.jpg,https://www.stashmedia.tv/louise-gobelins-2021-graduation-short-film/
12,1792 Bourbon “Untypical” by Ariel Costa and Hornet,https://www.stashmedia.tv/wp-content/uploads/Migrants-POLE-3D-Animated-Short-Film6-640x360.jpg,https://www.stashmedia.tv/1792-bourbon-untypical-by-ariel-costa-and-hornet/
0,Giant Ant Drops Massive Cartoonito Broadcast Package for Cartoon Network,https://www.stashmedia.tv/wp-content/uploads/Logitech-Feel-The-Moment-Brand-Film-Trizz9-640x360.jpg,https://www.stashmedia.tv/giant-ant-drops-massive-cartoonito-broadcast-package-for-cartoon-network/
1,Natural Atlas App Brand Film by BluBlu Studios,https://www.stashmedia.tv/wp-content/uploads/Cartoonito-Broadcast-Package-Giant-Ant-640x360.jpg,https://www.stashmedia.tv/natural-atlas-app-brand-film-by-blublu-studios/
2,SXSW Sydney 2023 Launch Film,https://www.stashmedia.tv/wp-content/uploads/Natural-Atlas-App-Brand-Film-by-BluBlu-Studios7-640x360.jpg,https://www.stashmedia.tv/sxsw-heads-down-under-in-2023/
3,Polyester Peeks Into the “Passage” With New Short Film,https://www.stashmedia.tv/wp-content/uploads/SXSW-Sydney-2023-launch-film6-640x360.jpg,https://www.stashmedia.tv/passage-short-film-by-polyester/
4,Renee Zhan Builds a Gooey “Gooniverse” for Trolli,https://www.stashmedia.tv/wp-content/uploads/960-launch-banner-gradient.jpg,https://www.stashmedia.tv/renee-zhan-builds-a-gooey-gooniverse-for-trolli/
5,Mainframe Unveils the ARC-52 Single Malt for Bowmore x Aston Martin,https://www.stashmedia.tv/wp-content/uploads/Passage-Short-Film-by-Polyester8-640x360.jpg,https://www.stashmedia.tv/mainframe-unveils-the-arc-52-single-malt-for-bowmore-x-aston-martin/
6,BibleProject “Blessing & Curse” Explainer by Ordinary Folk,https://www.stashmedia.tv/wp-content/uploads/Renee-Zhan-Blinkink-Trolli-Gooniverse7-640x360.jpg,https://www.stashmedia.tv/bibleproject-blessing-curse-explainer-by-ordinary-folk/
7,Revenant Unifies Iron Sail Game Portfolio with Ominous Brand Film,https://www.stashmedia.tv/wp-content/uploads/Bowmore-x-Aston-Martin-ARC-52-Single-Malt-Mainframe8-640x360.jpg,https://www.stashmedia.tv/iron-sail-brand-film-by-revenant/
8,Effe “Floating Girl” Music Video by Mozuya,https://www.stashmedia.tv/wp-content/uploads/BibleProject-Blessing-and-Curse-Ordinary-Folk9-640x360.jpg,https://www.stashmedia.tv/effe-floating-girl-music-video-by-mozuya/
9,UN “Equality: Our Final Frontier” by Jonny Kofoed and Assembly,https://www.stashmedia.tv/wp-content/uploads/Iron-Sail-Trailer-by-Revenant10-640x360.jpg,https://www.stashmedia.tv/un-equality-our-final-frontier-by-jonny-kofoed-and-assembly/
10,Circle Brand Films by The Mill Design Studio,https://www.stashmedia.tv/wp-content/uploads/Effe-Floating-Girl-Music-Video-Mozuya6-640x360.jpg,https://www.stashmedia.tv/circle-brand-films-by-the-mill-design/
11,Eminem & Snoop Dogg “From The D 2 The LBC” Music video by James Larese and Nathan Love,https://www.stashmedia.tv/wp-content/uploads/UN-Equality-Our-Final-Frontier-Jonny-Kofoed-Assembly7-640x360.jpg,https://www.stashmedia.tv/eminem-snoop-dogg-from-the-d-2-the-lbc-music-video-by-james-larese/
12,ManvsMachine Supercharges the New MacBook Air for Apple,https://www.stashmedia.tv/wp-content/uploads/2022-06-29_0906-640x360.jpg,https://www.stashmedia.tv/manvsmachine-supercharges-the-new-macbook-air-m2-for-apple/
0,McDonald’s UK “Imaginary Iggy” by Bert & Bertie and Framestore,https://www.stashmedia.tv/wp-content/uploads/Chipotle-A-Future-Begins-Johnny-Kelly-Nexus-640x360.jpg,https://www.stashmedia.tv/mcdonalds-uk-imaginary-iggy-by-bert-bertie-and-framestore/
1,Stash Drops Landmark 150th Issue – Watch the Trailer,https://www.stashmedia.tv/wp-content/uploads/McDonalds-Imaginary-Iggy-Bert-Bertie-Framestore-640x360.jpg,https://www.stashmedia.tv/150-issues-later-stash-keeps-the-inspiration-flowing/
2,Camden Town Brewery “Giftnosis” by James Papper and BlinkInk,https://www.stashmedia.tv/wp-content/uploads/Stash-issue-150-main-image-640x360.jpg,https://www.stashmedia.tv/camden-town-brewery-giftnosis-by-james-papper-and-blinkink/
3,Superdesigners Release New Short Film “The Intermission”,https://www.stashmedia.tv/wp-content/uploads/Camden-Town-Brewery-Giftnosis-James-Papper-BlinkInk4-638x360.jpg,https://www.stashmedia.tv/superdesigners-release-new-short-film-the-intermission/
4,Copper “The Unfair Advantage” by Diarmid Harrison-Murray and Untold Studios,https://www.stashmedia.tv/wp-content/uploads/960-launch-banner-gradient.jpg,https://www.stashmedia.tv/copper-the-unfair-advantage-by-diarmid-harrison-murray-and-untold-studios/
5,“Good Job” GOBELINS 2021 Graduation Short Film,https://www.stashmedia.tv/wp-content/uploads/The-intermission-Short-Film-Superdesigners9-640x360.jpg,https://www.stashmedia.tv/good-job-gobelins-2021-graduation-short-film/
6,Kevin the Carrot Meets Ebanana Scrooge in Psyop’s Aldi Holiday Spot,https://www.stashmedia.tv/wp-content/uploads/Copper-The-Unfair-Advantage-Untold-Studios7-640x360.jpg,https://www.stashmedia.tv/kevin-the-carrot-meets-ebanana-scrooge-in-psyops-aldi-holiday-spot/
7,Sova “What Are You Really Sleeping On?” Campaign by Oskar Gullstrand and Naive,https://www.stashmedia.tv/wp-content/uploads/The-Pitch-GOBELINS-Short-Film7-640x360.jpg,https://www.stashmedia.tv/sova-what-are-you-really-sleeping-on-campaign-by-oskar-gullstrand-and-naive/
8,“Magna Mater” Short Film by Pablo Alfieri and Playful,https://www.stashmedia.tv/wp-content/uploads/Aldi-Kevin-the-Carrot-Psyop-20217-635x360.jpg,https://www.stashmedia.tv/magna-mater-short-film-by-pablo-alfieri-and-playful/
9,Blizzard “Diablo II: Resurrected” Cinematics by Jon Yeo and Axis Studios,https://www.stashmedia.tv/wp-content/uploads/Sova-What-are-you-really-sleeping-on-Oskar-Gullstrand-Naive-640x360.jpg,https://www.stashmedia.tv/diablo-ii-resurrected-cinematics-by-jon-yeo-and-axis-studios/
10,Lush Cosmetics “The Snow Fairy” by Feral Child,https://www.stashmedia.tv/wp-content/uploads/Magna-Mater-Short-Film-Pablo-Alfieri-Playful8-640x360.jpg,https://www.stashmedia.tv/lush-cosmetics-the-snow-fairy-by-feral-child/
11,“Louis’ Shoes”: MoPA Grad Film and Student Academy Award Winner,https://www.stashmedia.tv/wp-content/uploads/Diablo-II-Resurrected-Axis-Studios9-640x360.jpg,https://www.stashmedia.tv/louis-shoes-mopa-grad-film-and-student-academy-award-winner/
12,Adidas “Trae Young 1” Launch Film by Loop,https://www.stashmedia.tv/wp-content/uploads/Lush-Cosmetics-The-Snow-Fairy-Feral-Child9-640x360.jpg,https://www.stashmedia.tv/adidas-trae-young-1-launch-film-by-loop/
0,Buck Makes the Case that “Business Insurance Doesn’t Have to Suck” for Next,https://www.stashmedia.tv/wp-content/uploads/AAP-Ferg-Green-Juice-Music-Video-Valentin-Petit-Machine-Molle-568x360.jpg,https://www.stashmedia.tv/buck-says-business-insurance-doesnt-have-to-suck-for-next/
1,Dom&Nic  and MPC  Bring Percy Pig to Life for M&S,https://www.stashmedia.tv/wp-content/uploads/Next-Business-Insurance-Doesnt-Have-to-Suck-Buck7-640x360.jpg,https://www.stashmedia.tv/domnic-and-mpc-bring-percy-pig-to-life-for-ms/
2,John Lewis “Unexpected Guest” by Mark Molloy and nineteentwenty,https://www.stashmedia.tv/wp-content/uploads/DomNic-MPC-Percy-Pig-MS7-640x360.jpg,https://www.stashmedia.tv/john-lewis-unexpected-guest-by-mark-molloy-and-nineteentwenty/
3,Macy’s “Tiptoe and the Flying Machine” by Conor Finnegan and Nexus,https://www.stashmedia.tv/wp-content/uploads/John-Lewis-Unexpected-Guest-Mark-Molloy-nineteentwenty6-640x360.jpg,https://www.stashmedia.tv/macys-tiptoe-and-the-flying-machine-by-conor-finnegan-and-nexus/
4,Blue Peter “Our Planet Now” by Åsa Lucander and Aardman,https://www.stashmedia.tv/wp-content/uploads/960-launch-banner-gradient.jpg,https://www.stashmedia.tv/blue-peter-our-planet-now-by-asa-lucander-and-aardman/
5,Lobster Reveals “The Surprisingly Long History of Electric Cars” for Ted-Ed,https://www.stashmedia.tv/wp-content/uploads/Macys-Tiptoe-and-the-Flying-Machine-Conor-Finnegan-Nexus6-640x360.jpg,https://www.stashmedia.tv/lobster-reveals-the-surprisingly-long-history-of-electric-cars-for-ted-ed/
6,WWF “You can’t Negotiate with Ice” by NOMINT (with BTS),https://www.stashmedia.tv/wp-content/uploads/Blue-Peter-Our-Planet-Now-Asa-Lucander-Aardman-640x360.jpg,https://www.stashmedia.tv/wwf-you-cant-negotiate-with-ice-by-nomint/
7,Climate Healers “Vega the Cow” by Kristian Andrews and Studio AKA,https://www.stashmedia.tv/wp-content/uploads/The-Surprisingly-Long-History-of-Electric-Cars-Ted-Ed-Lobster4-636x360.jpg,https://www.stashmedia.tv/climate-healers-vega-the-cow-by-kristian-andrews-and-studio-aka/
8,École des Nouvelles Images Grad Film “Experiment”,https://www.stashmedia.tv/wp-content/uploads/WWF-You-cant-Negotiate-with-Ice-NOMINT7-640x360.jpg,https://www.stashmedia.tv/experiment-ecole-des-nouvelles-images-graduation-film/
9,"Ingrid Michaelson “Merry Christmas, Happy New Year (Feat. Zooey Deschanel)” by Andrea Love and Phoebe Wahl",https://www.stashmedia.tv/wp-content/uploads/Climate-Healers-Vega-the-Cow-Kristian-Andrews-Studio-AKA6-640x360.jpg,https://www.stashmedia.tv/ingrid-michaelson-merry-christmas-happy-new-year-feat-zooey-deschanel-by-andrea-love-and-hornet/
10,Doritos “Dia De Los Muertos” by Zombie Studio and Final Frontier,https://www.stashmedia.tv/wp-content/uploads/Experiment-Ecole-des-Nouvelles-Images-Short-Film8-640x360.jpg,https://www.stashmedia.tv/doritos-dia-de-los-muertos-by-zombie-studio-and-final-frontier/
11,“POEM” Short Film by Hiroshi Takagishi and WOW,https://www.stashmedia.tv/wp-content/uploads/Ingrid-Michaelson-Merry-Christmas-Happy-New-Year-Hornet7-640x360.jpg,https://www.stashmedia.tv/poem-short-film-by-hiroshi-takagishi-and-wow/
12,Free Fire “To The MAX” by Jack Antoine Charlot and Valère Amirault,https://www.stashmedia.tv/wp-content/uploads/Doritos-Dia-De-Los-Muertos-Zombie-Studio-Final-Frontier8-640x360.jpg,https://www.stashmedia.tv/free-fire-to-the-max-by-jack-antoine-charlot-and-valere-amirault/
0,United Nations “Don’t Choose Extinction” by Murray Butler and Framestore,https://www.stashmedia.tv/wp-content/uploads/Rest-in-Peace-GOBELINS-Short-Film8-640x360.jpg,https://www.stashmedia.tv/united-nations-dont-choose-extinction-by-murray-butler-and-framestore/
1,Porsche “No Small Dreams” Campaign by Vincenzo Lodigiani and Dress Code,https://www.stashmedia.tv/wp-content/uploads/United-Nations-Dont-Choose-Extinction-Murray-Butler-Framestore5-640x360.jpg,https://www.stashmedia.tv/porsche-no-small-dreams-campaign-by-vincenzo-lodigiani-and-dress-code/
2,Luciole Brand Film by Bolide Studio,https://www.stashmedia.tv/wp-content/uploads/Porsche-No-Small-Dreams-Campaign-Dress-Code7-640x360.jpg,https://www.stashmedia.tv/luciole-brand-film-by-bolide-studio/
3,Zain “Jeelna Line” Spot by Maged Nassar,https://www.stashmedia.tv/wp-content/uploads/Luciole-Brand-Film-Bolide-Studio8-640x360.jpg,https://www.stashmedia.tv/zain-jeelna-line-spot-by-maged-nassar/
4,American Horror Story Double Feature Promo Package by Panoply,https://www.stashmedia.tv/wp-content/uploads/960-launch-banner-gradient.jpg,https://www.stashmedia.tv/american-horror-story-double-feature-promo-package-by-panoply/
5,Kinkajous “Those Real” Ambient Music Video by Marco Fontan,https://www.stashmedia.tv/wp-content/uploads/Zain-Jeelna-Line-Maged-Nassar9-640x360.jpg,https://www.stashmedia.tv/kinkajous-those-real-ambient-music-video-by-marco-fontan/
6,“Chroniques de L’eau Salée” GOBELINS 2021 Graduation Short Film,https://www.stashmedia.tv/wp-content/uploads/FX-American-Horror-Story-Panoply9-640x360.jpg,https://www.stashmedia.tv/chroniques-de-leau-salee-gobelins-2021-graduation-short-film/
7,Burberry “Open Spaces” by Megaforce and MPC,https://www.stashmedia.tv/wp-content/uploads/Kinkajous-Those-Real-Marco-Fontan6-640x360.jpg,https://www.stashmedia.tv/burberry-open-spaces-by-megaforce-and-mpc/
8,Mac Miller “San Francisco” Music Video by Ruffmercy,https://www.stashmedia.tv/wp-content/uploads/Chroniques-de-Leau-Salee-GOBELINS-Short-Film9-640x360.jpg,https://www.stashmedia.tv/mac-miller-san-francisco-music-video-by-ruffmercy-and-sam-mason/
9,“Unknown 9: Awakening” Teaser Trailer by DIGIC Pictures,https://www.stashmedia.tv/wp-content/uploads/Burberry-Open-Spaces-Megaforce-MPC8-640x360.jpg,https://www.stashmedia.tv/unknown-9-awakening-teaser-trailer-by-digic-pictures/
10,ESPN NHL Brand Film by Paul Mitchell and Elastic,https://www.stashmedia.tv/wp-content/uploads/Mac-Miller-San-Francisco-Ruffmercy-Sam-Mason7-640x360.jpg,https://www.stashmedia.tv/espn-nhl-brand-film-by-paul-mitchell-and-elastic/
11,Sick Kids “Be A Light” by Mark Zibert and The Vanity,https://www.stashmedia.tv/wp-content/uploads/Unknown-9-Awakening-DIGIC-Pictures8-640x360.jpg,https://www.stashmedia.tv/sick-kids-be-a-light-spot-by-mark-zibert-and-the-vanity/
12,Moon Panda “Vacationer” Music Video by Simona Mehandzhieva,https://www.stashmedia.tv/wp-content/uploads/ESPN-NHL-Paul-Mitchell-Elastic8-640x360.jpg,https://www.stashmedia.tv/moon-panda-vacationer-music-video-by-simona-mehandzhieva/
0,“The Soloists” GOBELINS 2021 Graduation Short Film,https://www.stashmedia.tv/wp-content/uploads/Moon-Knight-Fan-Film-Akshay-Tiwari7-640x360.jpg,https://www.stashmedia.tv/the-soloists-gobelins-2021-graduation-short-film/
1,Niceshit and Gross Brewery Team Up for “Blue Dog IPA”,https://www.stashmedia.tv/wp-content/uploads/The-Soloists-GOBELINS-Short-Film7-640x360.jpg,https://www.stashmedia.tv/niceshit-and-gross-brewery-team-up-for-blue-dog-ipa/
2,“Blue Curry” GOBELINS 2021 Graduation Short Film,https://www.stashmedia.tv/wp-content/uploads/Niceshit-Gross-Brewery-Blue-Dog-IPA9-640x360.jpg,https://www.stashmedia.tv/blue-curry-gobelins-2021-graduation-short-film/
3,Bitis Hunter “Street x Viet Max” by FutureDeluxe,https://www.stashmedia.tv/wp-content/uploads/Blue-Curry-GOBELINS-short-film7-640x360.jpg,https://www.stashmedia.tv/bitis-hunter-street-x-viet-max-by-futuredeluxe/
4,François X “A Scream into the Future” Music Video by Anne Raffin and Les Monstres,https://www.stashmedia.tv/wp-content/uploads/960-launch-banner-gradient.jpg,https://www.stashmedia.tv/francois-x-a-scream-into-the-future-music-video-by-anne-raffin-and-les-monstres/
5,“Contretemps” GOBELINS 2021 Graduation Short Film,https://www.stashmedia.tv/wp-content/uploads/Bitis-Hunter-Street-x-Viet-Max-FutureDeluxe-640x360.jpg,https://www.stashmedia.tv/contretemps-gobelins-2021-graduation-short-film/
6,2021 Magic Cube Design Conference Opening by B-O-D Studio,https://www.stashmedia.tv/wp-content/uploads/François-X-A-Scream-into-the-Future-Anne-Raffin-Les-Monstres7-640x360.jpg,https://www.stashmedia.tv/2021-magic-cube-design-conference-opening-by-b-o-d-studio/
7,NABS Canada “This Job Will Break You” by Edward Andrews and Tantrum Studio,https://www.stashmedia.tv/wp-content/uploads/Contretemps-GOBELINS-Graduation-Film8-640x360.jpg,https://www.stashmedia.tv/nabs-this-job-will-break-you-by-edward-andrews-and-tantrum-studio/
8,Hip Hop Public Health “Lil Sugar” by Zombie Studios,https://www.stashmedia.tv/wp-content/uploads/Magic-Cube-Design-Conference-B-O-D-Studio8-640x360.jpg,https://www.stashmedia.tv/hip-hop-public-health-lil-sugar-by-zombie-studios/
9,Maggie Dave “Old You” Music Video by Cassie Shao,https://www.stashmedia.tv/wp-content/uploads/NABS-Canada-Tantrum-640x360.jpg,https://www.stashmedia.tv/maggie-dave-old-you-music-video-by-cassie-shao/
10,Ekipa “Na Zajawce” Music Video by Rafał Blecharz and Pigeon Studio,https://www.stashmedia.tv/wp-content/uploads/Hip-Hop-Public-Health-Lil-Sugar-Zombie-Studios7-637x360.jpg,https://www.stashmedia.tv/ekipa-na-zajawce-music-video-by-rafal-blecharz-and-studio-pigeon/
11,“Recycled” Short Film by Media.Work,https://www.stashmedia.tv/wp-content/uploads/Maggie-Dave-Old-You-Cassie-Shao7-640x360.jpg,https://www.stashmedia.tv/recycled-short-film-by-media-work/
12,Sony “You or You” by Takashi Ohashi and Haruka Mugihara,https://www.stashmedia.tv/wp-content/uploads/Ekipa-Na-Zajawce-Music-Video-Rafal-Blecharz-Studio-Pigeon5-638x360.jpg,https://www.stashmedia.tv/sony-you-or-you-by-takashi-ohashi-and-haruka-mugihara/
0,Far Cry 6 “Chicharrón Run” Spot by Traktor and Important Looking Pirates,https://www.stashmedia.tv/wp-content/uploads/Elastic-The-Problem-with-Jon-Stewart-Apple-TV6-1-640x360.jpg,https://www.stashmedia.tv/far-cry-6-chicharron-run-spot-by-traktor-and-important-looking-pirates/
1,Netflix “On the Verge” Series Main Titles by Fugu,https://www.stashmedia.tv/wp-content/uploads/Far-Cry-6-Chicharron-Run-Traktor-Important-Looking-Pirates7-640x360.jpg,https://www.stashmedia.tv/netflix-on-the-verge-series-main-titles-by-fugu/
2,The Home Depot Foundation “Real Change” by Linetest,https://www.stashmedia.tv/wp-content/uploads/Netflix-On-the-Verge-Main-Titles-Fugu6-640x360.jpg,https://www.stashmedia.tv/the-home-depot-foundation-real-change-by-linetest/
3,“Green Life” Exposes Production Secrets of CG Animated Shorts,https://www.stashmedia.tv/wp-content/uploads/Home-Depot-Foundation-Real-Change-Linetest7-640x360.jpg,https://www.stashmedia.tv/green-life-exposes-production-secrets-of-cg-animated-shorts/
4,Apple TV+ “Foundation” Main Titles by Imaginary Forces,https://www.stashmedia.tv/wp-content/uploads/960-launch-banner-gradient.jpg,https://www.stashmedia.tv/apple-tv-foundation-main-titles-by-imaginary-forces/
5,L’Occitane “Cultivators of Change” by Dvein,https://www.stashmedia.tv/wp-content/uploads/Green-Life-short-film-Exposes-Secrets-CG-Animation6-640x360.jpg,https://www.stashmedia.tv/loccitane-cultivators-of-change-by-dvein/
6,Meet the Grill’d Burger Vigilante,https://www.stashmedia.tv/wp-content/uploads/Apple-TV-Foundation-Titles-Imaginary-Forces8-640x360.jpg,https://www.stashmedia.tv/meet-the-grilld-burger-vigilante/
7,HP+ “Affair” by Shane Griffin and Marco Spier,https://www.stashmedia.tv/wp-content/uploads/LOccitane-Cultivators-of-Change-Dvein6-640x360.jpg,https://www.stashmedia.tv/hp-affair-by-shane-griffin-and-marco-spier/
8,B&Q “Later Means Never” by Sam Gainsborough,https://www.stashmedia.tv/wp-content/uploads/Grilld-Burger-Vigilante-640x360.jpg,https://www.stashmedia.tv/bq-later-means-never-by-sam-gainsborough/
9,#JoinTheChorus Against Domestic and Sexual Violence with GentleForces and Picnic,https://www.stashmedia.tv/wp-content/uploads/HP-Affair-Shane-Griffin-Marco-Spier6-640x360.jpg,https://www.stashmedia.tv/jointhechorus-against-domestic-and-sexual-violence-with-gentleforces-and-picnic/
10,“Good Things Happen When You Meerkat Your Money” by Passion Pictures,https://www.stashmedia.tv/wp-content/uploads/BQ-Later-Means-Never-Sam-Gainsborough8-640x360.jpg,https://www.stashmedia.tv/good-things-happen-when-you-meerkat-your-money-by-passion-pictures/
11,eBay “The A to Z for A.G.” Spot by NotReal,https://www.stashmedia.tv/wp-content/uploads/JoinTheChorus-Against-Domestic-and-Sexual-Violence-GentleForces-Picnic6-637x360.jpg,https://www.stashmedia.tv/ebay-the-a-to-z-for-a-g-spot-by-notreal/
12,“Destroy All Humans 2: Reprobed” Game Trailer by Puppetworks,https://www.stashmedia.tv/wp-content/uploads/Good-Things-Happen-When-You-Meerkat-Your-Money-Passion-Pictures9-640x360.jpg,https://www.stashmedia.tv/destroy-all-humans-2-reprobed-game-trailer-by-puppetworks/
0,Maxime Bruneel Helps Back Market Fight Big Tech and Save the Planet,https://www.stashmedia.tv/wp-content/uploads/Google-Life-Unfolds-An-Origami-Story-WTBR-State6-640x360.jpg,https://www.stashmedia.tv/?p=81873
1,Netflix “Sex Education” Pre-Title sequence by Future Power Station,https://www.stashmedia.tv/wp-content/uploads/Back-Market-Maxime-Bruneel-Eddy1st-Ave-Machine8-640x360.jpg,https://www.stashmedia.tv/netflix-sex-education-pre-title-sequence-by-future-power-station/
2,“Donkey Wrong” Short Film by Jim Billy Wheeler and Animade,https://www.stashmedia.tv/wp-content/uploads/Netflix-Sex-Education-Pre-Title-sequence-Ep-7-Future-Power-Station9-640x360.jpg,https://www.stashmedia.tv/donkey-wrong-short-film-by-animade/
3,“Order & Chaos” Short Film by Thomas Vanz,https://www.stashmedia.tv/wp-content/uploads/Donkey-Wrong-Short-Film-by-Animade9-638x360.jpg,https://www.stashmedia.tv/order-chaos-short-film-by-thomas-vanz/
4,Mac Miller “Colors and Shapes” Music Video by Sam Mason and Hornet,https://www.stashmedia.tv/wp-content/uploads/960-launch-banner-gradient.jpg,https://www.stashmedia.tv/mac-miller-colors-and-shapes-by-sam-mason-and-hornet/
5,Stay Inspired: Preview All the Motion Magic in Stash 149,https://www.stashmedia.tv/wp-content/uploads/Order-Chaos-Short-Film-by-Thomas-Vanz9-640x360.jpg,https://www.stashmedia.tv/stash-149/
6,Porsche “The legend of Pedro Rodríguez” by Clubcamping (Directors Cut),https://www.stashmedia.tv/wp-content/uploads/Mac-Miller-Colors-and-Shapes-Sam-Mason-Hornet4-640x360.jpg,https://www.stashmedia.tv/porsche-the-legend-of-pedro-rodriguez-by-clubcamping-directors-cut/
7,Up Close and Personal with “Felt” by Media.Work,https://www.stashmedia.tv/wp-content/uploads/149_Post-main-PIC-640x360.jpg,https://www.stashmedia.tv/media-work-get-up-close-and-personal-with-felt/
8,Taking Over “The World’s Toughest Job” from Chuck Norris,https://www.stashmedia.tv/wp-content/uploads/Porsche-Pedro-Rodríguez-Clubcamping9-640x360.jpg,https://www.stashmedia.tv/taking-over-the-worlds-toughest-job-from-chuck-norris/
9,Blue Zoo Helps Prevent that “Sinking Feeling” for PAPYRUS UK,https://www.stashmedia.tv/wp-content/uploads/Media.Work-short-film-Felt6-640x360.jpg,https://www.stashmedia.tv/blue-zoo-helps-prevent-that-sinking-feeling-for-papyrus-uk/
10,Sky Zero “The Day The Moon Came To Earth” by Pete Candeland and LIGHT,https://www.stashmedia.tv/wp-content/uploads/Aker-Chuck-Norris10-640x360.jpg,https://www.stashmedia.tv/sky-zero-the-day-the-moon-came-to-earth-by-pete-candeland-and-light/
11,Nothing “Techno Ballet” by Swiss International,https://www.stashmedia.tv/wp-content/uploads/Blue-Zoo-Sinking-Feeling-short-film-PAPYRUS-UKsig-640x360.jpg,https://www.stashmedia.tv/nothing-techno-ballet-by-swiss-international/
12,Pokémon x OREO Limited Edition Cookies by Framestore,https://www.stashmedia.tv/wp-content/uploads/Screen-Shot-2021-09-10-at-9.41.17-AM-640x360.jpg,https://www.stashmedia.tv/pokemon-x-oreo-limited-edition-cookies-by-framestore/
0,Scholar Drops Massive Trailer for Xbox “Ara: History Untold”,https://www.stashmedia.tv/wp-content/uploads/Minions-Rise-of-Gru-Music-Video-Turn-Up-The-Sunshine-Laundry8-640x360.jpg,https://www.stashmedia.tv/xbox-ara-history-untold-trailer-by-scholar/
1,Should AI Be Considered a Co-Creator of Joris Bacquet’s “Infinity” Music Video for Azel Phara?,https://www.stashmedia.tv/wp-content/uploads/Xbox-Ara-History-Untold-Trailer-by-Scholar7-640x360.jpg,https://www.stashmedia.tv/is-ai-a-co-creator-of-joris-bacquets-infinity-music-video-for-azel-phara/
2,Amazon “The Pogmentary” Animated Sequences by Jungler,https://www.stashmedia.tv/wp-content/uploads/Azel-Phara-Infinity-Music-Video-by-Joris-Bacquet6-640x360.jpg,https://www.stashmedia.tv/amazon-the-pogmentary-animated-sequences-by-jungler/
3,Persistent Peril Celebrates with New Short Film “STALKER”,https://www.stashmedia.tv/wp-content/uploads/Amazon-The-Pogmentary-Animation-Jungler8-640x360.jpg,https://www.stashmedia.tv/persistent-peril-celebrates-11-years-with-stalker-short-film/
4,Kwoon “King of Sea” Music Video by Stéphane Berla,https://www.stashmedia.tv/wp-content/uploads/960-launch-banner-gradient.jpg,https://www.stashmedia.tv/kwoon-king-of-sea-music-video-by-stephane-berla/
5,“Contours and Coincidence” Generative Short Film by David Stout,https://www.stashmedia.tv/wp-content/uploads/STALKER-Short-Film-by-Persistent-Peril8-640x360.jpg,https://www.stashmedia.tv/contours-and-coincidence-generative-short-film-by-david-stout/
6,The Wild Rift Icons Global Championship 2022 Anthem,https://www.stashmedia.tv/wp-content/uploads/Kwoon-King-of-Sea-Music-Video-Stéphane-Berla-Eddy8-640x360.jpg,https://www.stashmedia.tv/the-wild-rift-icons-global-championship-2022-anthem/
7,Temple Caché Conjures an Organic Experiment for O’o “Touche” Music Video,https://www.stashmedia.tv/wp-content/uploads/Contours-and-Coincidence-Short-Film-David-Stout7-640x360.jpg,https://www.stashmedia.tv/temple-cache-conjures-an-organic-experiment-for-oo-touche-music-video/
8,Goodbye Kansas Unleashes F1 Manager 2022 Trailer,https://www.stashmedia.tv/wp-content/uploads/Championship-2022-League-of-Legends-Wild-Rift-Tendril-Psyop2-637x360.jpg,https://www.stashmedia.tv/goodbye-kansas-unleashes-f1-manager-2022-trailer/
9,New Sonos “Roam” Product Film by FutureDeluxe,https://www.stashmedia.tv/wp-content/uploads/Oo-Touche-Music-Video-Temple-Cache7-640x360.jpg,https://www.stashmedia.tv/sonos-roam-brand-film-by-futuredeluxe/
10,"Pharrell Williams “Cash In Cash Out” Music Video ft. 21 Savage and Tyler, the Creator",https://www.stashmedia.tv/wp-content/uploads/Goodbye-Kansas-F1-Manager-2022-Trailer7-640x360.jpg,https://www.stashmedia.tv/pharrell-williams-cash-in-cash-out-music-video-ft-21-savage-and-tyler-the-creator/
11,Morphine Introduces Seamless Vision to the World with New Brand Film,https://www.stashmedia.tv/wp-content/uploads/Sonos-Roam-FutureDeluxe6-640x360.jpg,https://www.stashmedia.tv/seamless-vision-explainer-by-morphine/
12,Audi E-Tron Reveal Film by Pandayoghurt,https://www.stashmedia.tv/wp-content/uploads/Pharrell-Williams-Cash-In-Cash-Out-Music-Video-640x360.jpg,https://www.stashmedia.tv/audi-e-tron-reveal-film-by-pandayoghurt/
0,Wimbledon “The Stage Awaits” Spot by Smith & Foulkes and Nexus Studios,https://www.stashmedia.tv/wp-content/uploads/Magic-The-Gathering-Streets-of-New-Capenna-Trailer-Imaginary-Forces3-640x360.jpg,https://www.stashmedia.tv/wimbledon-the-stage-awaits-spot-by-smith-foulkes-and-nexus-studios/
1,Tylko “Spaces” Brand Films by WOUQ,https://www.stashmedia.tv/wp-content/uploads/Wimbledon-The-Stage-Awaits-Smith-Foulkes-Nexus-Studios5-640x360.jpg,https://www.stashmedia.tv/tylko-spaces-brand-films-by-wouq/
2,Ian Pons Jewell and Seven Animators Make the Case for Four-Day Work Week,https://www.stashmedia.tv/wp-content/uploads/Tylko-Spaces-Brand-Films-by-WOUQ-640x360.jpg,https://www.stashmedia.tv/ian-pons-jewell-ponders-the-four-day-work-week/
3,“Sparkle” CG Exploration by Media.Work,https://www.stashmedia.tv/wp-content/uploads/Ian-Pons-Jewell-Ponders-the-Four-Day-Work-Week7-640x360.jpg,https://www.stashmedia.tv/sparkle-cg-exploration-by-media-work/
4,Janek Murd “OXO” Music Video by Joosep Volk and Tolm,https://www.stashmedia.tv/wp-content/uploads/960-launch-banner-gradient.jpg,https://www.stashmedia.tv/janek-murd-oxo-music-video-by-joosep-volk-and-tolm/
5,Muse “Will of the People” Music Video by Tom Teller and Frame 48,https://www.stashmedia.tv/wp-content/uploads/Sparkle-CG-Exploration-by-Media-Work3-640x360.jpg,https://www.stashmedia.tv/muse-will-of-the-people-music-video-by-tom-teller-and-frame-48/
6,BlinkMyBrain Strings Together the Slinky Story for Ernie Ball,https://www.stashmedia.tv/wp-content/uploads/Janek-Murd-OXO-Music-Video-Joosep-Volk8-640x360.jpg,https://www.stashmedia.tv/blinkmybrain-strings-together-the-slinky-story-for-ernie-ball/
7,Block & Tackle Drop Trailer for “Pistol” Doc on FX,https://www.stashmedia.tv/wp-content/uploads/Muse-Will-of-the-People-Music-Video-Tom-Teller-Frame488-640x360.jpg,https://www.stashmedia.tv/fx-pistol-trailer-by-block-tackle/
8,"Merging AI and Dance in HAAi “Baby, We’re Ascending” Music Video",https://www.stashmedia.tv/wp-content/uploads/BlinkMyBrain-Ernie-Ball-Slinky-Story3-638x360.jpg,https://www.stashmedia.tv/tom-furse-merges-ai-and-dance-in-haais-baby-were-ascending-music-video/
9,Veet Men “Set Them Free” Spot by Camille + JB and Ravages,https://www.stashmedia.tv/wp-content/uploads/FX-Network-Pistol-Trailer-by-Block-and-Tackle9-640x360.jpg,https://www.stashmedia.tv/veet-men-set-them-free-spot-by-camille-jb-and-ravages/
10,Tendril and Hublot are Back with the Big Bang Tourbillon Samuel Ross,https://www.stashmedia.tv/wp-content/uploads/Tom-Furse-HAAi-Baby-Were-Ascending-Music-Video7-640x360.jpg,https://www.stashmedia.tv/tendril-and-hublot-are-back-with-the-big-bang-tourbillon-samuel-ross/
11,ManvsMachine Demonstrates Proper Flavor Behavior in Magnum Remix,https://www.stashmedia.tv/wp-content/uploads/Veet-Men-Set-Them-Free-Spot-by-Camille-JB-Soldat-BETC6-640x360.jpg,https://www.stashmedia.tv/manvsmachine-demonstrates-proper-flavor-behavior-in-magnum-remix/
12,Henrique Bueno and Colossal Make a “Commitment to the Truth” for CNN Brasil,https://www.stashmedia.tv/wp-content/uploads/Tendril-Hublot-Big-Bang-Tourbillon-Samuel-Ross6-640x360.jpg,https://www.stashmedia.tv/henrique-bueno-and-colossal-make-a-commitment-to-the-truth-for-cnn-brasil/
0,B!POD “Earth” Product Film by Playback.design,https://www.stashmedia.tv/wp-content/uploads/Simon-Robson-Ghost-in-The-Machine-Ocean-Plastic7-640x360.jpg,https://www.stashmedia.tv/bpod-earth-product-film-by-playback-design/
1,Somei and Chiu Reteam to Open Vide et Crede Game for Kazdel VN,https://www.stashmedia.tv/wp-content/uploads/Bipod-Earth-Product-Film-by-Playbackdesign8-640x360.jpg,https://www.stashmedia.tv/somei-and-chiu-re-team-to-open-vide-et-crede-game-for-kazdel-vn/
2,Ayce Kartal Listens to Schizophrenia in New Short Film “Imaginary Friends”,https://www.stashmedia.tv/wp-content/uploads/Somei-Chiu-Vide-et-Crede-titles-Kazdel-VN9-640x360.jpg,https://www.stashmedia.tv/ayce-kartal-listens-to-schizophrenia-in-new-short-film-imaginary-friends/
3,The Panics x Adidas x MUFC x Peter Saville = Pulsebeat,https://www.stashmedia.tv/wp-content/uploads/Ayce-Kartal-Short-Film-Imaginary-Friends-Schizophrenia3-640x360.jpg,https://www.stashmedia.tv/the-panics-x-adidas-x-mufc-x-peter-saville-pulsebeat/
4,Sarofsky Opens the “The Staircase” for HBO Max,https://www.stashmedia.tv/wp-content/uploads/960-launch-banner-gradient.jpg,https://www.stashmedia.tv/sarofsky-opens-the-the-staircase-for-hbo-max/
5,Framestore and Tomas Jonsgarden Ride Into “Jeff’s World” for Three Ireland,https://www.stashmedia.tv/wp-content/uploads/The-Panics-x-Adidas-x-MUFC-x-Peter-Saville-Pulsebeat6-640x360.jpg,https://www.stashmedia.tv/three-ireland-jeffs-world-spot-by-tomas-jonsgarden-and-framestore/
6,Verizon Fios Refresh by Panoply,https://www.stashmedia.tv/wp-content/uploads/Sarofsky-Opens-The-Staircase-for-HBO-Max7-640x360.jpg,https://www.stashmedia.tv/verizon-fios-refresh-by-panoply/
7,Nicolas Lhomme Packages TDA (Talents d’Afrique) for Canal+ International,https://www.stashmedia.tv/wp-content/uploads/Three-Ireland-Jeffs-World-Tomas-Jonsgarden-Framestore10-640x360.jpg,https://www.stashmedia.tv/nicolas-lhommes-broadcast-package-for-tda-talents-dafrique/
8,Dress Code “Power a Brighter World” for Inspire Clean Energy,https://www.stashmedia.tv/wp-content/uploads/Verizon-Fios-Refresh-Panoply7-640x360.jpg,https://www.stashmedia.tv/dress-code-power-a-brighter-world-for-inspire-clean-energy/
9,Jake Wegesin Launches New Studio Ambient Press with “The Ultimate Space Race” Short Film,https://www.stashmedia.tv/wp-content/uploads/Nicolas-Lhomme-Broadcast-Package-TDA-Talents-d-Afrique-Canal8-640x360.jpg,https://www.stashmedia.tv/jake-wegesin-launches-new-studio-ambient-press-with-the-ultimate-space-race-short-film/
10,Rawtape and AI Artists Rewrite “SCRIPTVRE” for Kasabian,https://www.stashmedia.tv/wp-content/uploads/Dress-Code-Power-a-Brighter-World-for-Inspire-Clean-Energy2-637x360.jpg,https://www.stashmedia.tv/four-ai-artists-join-rawtape-for-kasabian-scriptvre-music-video/
11,1stAveBA is Back With More Snap for the ESPN App,https://www.stashmedia.tv/wp-content/uploads/Jake-Wegesin-Ambient-Press-The-Ultimate-Space-Race10-640x360.jpg,https://www.stashmedia.tv/1staveba-is-back-with-more-snap-for-the-espn-app/
12,Is 153 the Greatest Stash Issue Ever?,https://www.stashmedia.tv/wp-content/uploads/Rawtape-AI-Kasabian-SCRIPTVRE-Music-Video10-637x360.jpg,https://www.stashmedia.tv/is-stash-153-the-greatest-issue-ever/
0,Mindful Minimalism Elevates this Brand Film for Dell’s New Packaging System,https://www.stashmedia.tv/wp-content/uploads/Big-Bad-Wolf-Meets-Golden-Wolf-in-New-Weetabix-Spot3-636x360.jpg,https://www.stashmedia.tv/mindful-minimalism-elevates-this-brand-film-for-dells-packaging-system/
1,Six N. Five and Plenty Play With the Fluidity of Light for Vibia,https://www.stashmedia.tv/wp-content/uploads/Dell-Packaging-System-brand-film-by-Woot-Creative8-640x360.jpg,https://www.stashmedia.tv/six-n-five-and-plenty-play-with-the-fluidity-of-light-for-vibia/
2,Elyse Kelly Launches Neon Zoo Studio with “The Greatest Poem” Short Film,https://www.stashmedia.tv/wp-content/uploads/Six-N-Five-and-Plenty-Play-PlusMinus-Vibia8-640x360.jpg,https://www.stashmedia.tv/elyse-kelly-launches-neon-zoo-studio-with-the-greatest-poem-short-film/
3,Max Cooper “Symphony in Acid” Typographic Music Video by Ksawery Kirklewski,https://www.stashmedia.tv/wp-content/uploads/Elyse-Kelly-The-Greatest-Poem9-640x360.jpg,https://www.stashmedia.tv/max-cooper-symphony-in-acid-typographic-music-video-by-ksawery-kirklewski/
4,"“DECIMA” OFFF2022 Title Sequence by GMUNK, Psyop, and Friends",https://www.stashmedia.tv/wp-content/uploads/960-launch-banner-gradient.jpg,https://www.stashmedia.tv/decima-offf2022-title-sequence-by-gmunk-psyop-and-friends/
5,“Volna” Short Film Pushes Audio into the Abstract,https://www.stashmedia.tv/wp-content/uploads/Max-Cooper-Symphony-in-Acid-Music-Video-Ksawery-Kirklewski9-640x360.jpg,https://www.stashmedia.tv/media-work-push-audio-into-the-abstract-with-volna-short-film/
6,New Studio Brume Launches with “The Weaver and the Cowherd” for TED-Ed,https://www.stashmedia.tv/wp-content/uploads/DECIMA-OFFF2022-Title-Sequence-GMUNK8-640x360.jpg,https://www.stashmedia.tv/new-studio-brume-launches-with-the-weaver-and-the-cowherd-for-ted-ed/
7,"Love, Death & Robots Season 3 – All the Directors and Films",https://www.stashmedia.tv/wp-content/uploads/Media.Work-Volna-Short-Film6-640x360.jpg,https://www.stashmedia.tv/love-death-robots-season-3-the-directors-and-films/
8,Imaginary Forces Cooks Up “Candy” Main Titles on Hulu,https://www.stashmedia.tv/wp-content/uploads/Brume-The-Weaver-and-the-Cowherd-TEDEd8-640x360.jpg,https://www.stashmedia.tv/imaginary-forces-cooks-up-candy-main-titles-on-hulu/
9,Free Fire “BEATz Go Boom” Music Video by Mischa Rozema,https://www.stashmedia.tv/wp-content/uploads/Love-Death-Robots-Season12-640x360.jpg,https://www.stashmedia.tv/free-fire-beatz-go-boom-music-video-by-mischa-rozema/
10,Jelly and Niceshit Belt it Out for Frontline Workers,https://www.stashmedia.tv/wp-content/uploads/Imaginary-Forces-Candy-Main-Titles-Hulu9-640x360.jpg,https://www.stashmedia.tv/jelly-and-niceshit-belt-it-out-for-frontline-workers/
11,“Everything Must Go” CalArts Short Film by Alisha Liu,https://www.stashmedia.tv/wp-content/uploads/Free-Fire-BEATz-Go-Boom-Music-Video-Mischa-Rozema-Nexus14-640x360.jpg,https://www.stashmedia.tv/everything-must-go-calarts-short-film-by-alisha-liu/
12,Bop Along to Elefante’s Feel-Good Musical Manifesto,https://www.stashmedia.tv/wp-content/uploads/Jelly-and-Niceshit-support-Frontline-Workers6-634x360.jpg,https://www.stashmedia.tv/bop-along-to-elefantes-musical-manifesto/
0,UAE Expo Film “Dreaming Together” by Smith & Foulkes,https://www.stashmedia.tv/wp-content/uploads/Experience-the-UNHATE-Through-Artistic-Intelligence-Intervention7-640x360.jpg,https://www.stashmedia.tv/uae-expo-film-dreaming-together-by-smith-foulkes/
1,Barilla “Pasta is Born Again” (Director’s Cut) by Philippe André and Glassworks,https://www.stashmedia.tv/wp-content/uploads/UAE-Expo-Film-Dreaming-Together-by-Smith-Foulkes-Nexus5-640x360.jpg,https://www.stashmedia.tv/barilla-pasta-is-born-again-directors-cut-by-philippe-andre-and-glassworks/
2,Ready for More Inspiration? Try the New Stash!,https://www.stashmedia.tv/wp-content/uploads/Barilla-Pasta-is-Born-Again-Directors-Cut-by-Philippe-Andre-and-Glassworks7-640x360.jpg,https://www.stashmedia.tv/ready-for-more-inspiration-try-the-new-stash/
3,Device Sketches Out Sustainablity Message for Montblanc,https://www.stashmedia.tv/wp-content/uploads/New-Stash-launch-image-UI_Logo-cloud2-640x360.jpg,https://www.stashmedia.tv/device-sketches-out-sustainablity-message-for-montblanc/
4,“MACRO/micro” Animated Collaboration by Margaret Bialis and Friends,https://www.stashmedia.tv/wp-content/uploads/960-launch-banner-gradient.jpg,https://www.stashmedia.tv/macro-micro-animated-collaboration-by-margaret-bialis-and-friends/
5,Max Leung Finds Hope in New Short Film “Reborn”,https://www.stashmedia.tv/wp-content/uploads/Montblanc-Sustainablity-Message-by-Device6-640x360.jpg,https://www.stashmedia.tv/max-leung-finds-hope-in-new-short-film-reborn/
6,Impactist Boxes “Cake” Season 5 for FX Networks,https://www.stashmedia.tv/wp-content/uploads/MACROmicro-Animated-short-film-Margaret-Bialis7-640x360.jpg,https://www.stashmedia.tv/impactist-boxes-cake-season-5-for-fx-networks/
7,“Don’t Fear the Finger” Fights Prostate Cancer with Musical Comedy,https://www.stashmedia.tv/wp-content/uploads/Max-Leung-Short-Film-Reborn9-640x360.jpg,https://www.stashmedia.tv/dont-fear-the-finger-fights-prostate-cancer-with-musical-comedy/
8,“Cards’n’Chains” Short Film by Christoph Ott,https://www.stashmedia.tv/wp-content/uploads/Cake-Season-5-FX-Networks-Impactist2-638x360.jpg,https://www.stashmedia.tv/cardsnchains-short-film-by-christoph-ott/
9,Arnis Vitols Gets Beneath the Surface in “FINIERIS” Short Film,https://www.stashmedia.tv/wp-content/uploads/LELCAC-Dont-Fear-the-Finger-Prostate-Cancer7-640x360.jpg,https://www.stashmedia.tv/arnis-vitols-gets-beneath-the-surface-in-finieris-short-film/
10,Sony PS5 Launch Films by Media.Work,https://www.stashmedia.tv/wp-content/uploads/CardsnChains-Short-Film-by-Christoph-Ott8-640x360.jpg,https://www.stashmedia.tv/sony-ps5-launch-films-by-media-work/
11,“Halo” Series Opens with Ominous Titles by Will Adams and Goodbye Kansas,https://www.stashmedia.tv/wp-content/uploads/Arnis-Vitols-Gets-Beneath-the-Surface-in-FINIERIS-Short-Film8-640x360.jpg,https://www.stashmedia.tv/halo-series-opens-with-ominous-titles-by-will-adams-and-goodbye-kansas/
12,Cheng-Hsu Chung Celebrates Korean Binge Eating in “Mukbang!” Short Film,https://www.stashmedia.tv/wp-content/uploads/Sony-PS5-Launch-Films-by-MediaWork7-640x360.jpg,https://www.stashmedia.tv/cheng-hsu-chung-celebrates-korean-binge-eating-in-mukbang-short-film/
0,Optimus Prime Hits the Road Courtesy of Riff Raff Director Finn Keenan and The Mill,https://www.stashmedia.tv/wp-content/uploads/Art-Camp-Music-Video-for-Amber-Mark-Out-Of-This-World7-640x360.jpg,https://www.stashmedia.tv/optimus-prime-takes-a-road-trip-with-riff-raff-director-finn-keenan-and-the-mill/
1,Oitoproducts “Oslinchik Collection” Product Film by Nikita Proshin,https://www.stashmedia.tv/wp-content/uploads/Direct-Line-Optimus-Primes-Time-Off-The-Mill6-640x360.jpg,https://www.stashmedia.tv/oitoproducts-oslinchik-collection-product-film-by-nikita-proshin/
2,Yeti Pictures Admires the Power and Poetry of Brutalism,https://www.stashmedia.tv/wp-content/uploads/Oitoproducts-Oslinchik-Collection-Product-Film-by-Nikita-Proshin-640x360.jpg,https://www.stashmedia.tv/yeti-pictures-admires-the-power-and-poetry-of-brutalism/
3,"Old Speckled Hen “Fox Of The World” Spots by Rick Thiele, Mario Ucci, and Partizan Studio",https://www.stashmedia.tv/wp-content/uploads/Yeti-Pictures-short-film-Brutalism7-640x360.jpg,https://www.stashmedia.tv/old-speckled-hen-fox-of-the-world-spots-by-rick-thiele-mario-ucci-and-partizan-studio/
4,A Fresh Twist on Sustainability for Heineken by FutureDeluxe,https://www.stashmedia.tv/wp-content/uploads/960-launch-banner-gradient.jpg,https://www.stashmedia.tv/a-fresh-twist-on-sustainability-for-heineken-by-futuredeluxe/
5,Vitaly Grossmann and Alex Schlegel Flex Their “Joints”,https://www.stashmedia.tv/wp-content/uploads/Old-Speckled-Hen-Fox-Of-The-World-Spots-by-Partizan-Studio7-640x360.jpg,https://www.stashmedia.tv/vitaly-grossmann-and-alex-schlegel-flex-their-joints/
6,A Dog Haunts “The Cliff” in New Short Film by Fabrice Le Nezet and Optical Arts,https://www.stashmedia.tv/wp-content/uploads/A-Fresh-Twist-on-Sustainability-for-Heineken-by-FutureDeluxe2-638x360.jpg,https://www.stashmedia.tv/the-cliff-short-film-by-fabrice-le-nezet-and-optical-arts/
7,Lighten Up with “Microbots” Short Film by Arran Bish,https://www.stashmedia.tv/wp-content/uploads/Joints-CG-Sculptures-by-Vitaly-Grossmann-and-Alex-Schlegel2-640x360.jpg,https://www.stashmedia.tv/microbots-short-film-by-arran-bish/
8,Audemars Piguet “The Royal Oak: A Journey Through Time” by Temple Caché and Valentin Guiod,https://www.stashmedia.tv/wp-content/uploads/The-Cliff-Short-Film-Fabrice-Le-Nezet-Optical-Arts8-640x360.jpg,https://www.stashmedia.tv/audemars-piguet-the-royal-oak-a-journey-through-time-by-temple-cache-and-valentin-guiod/
9,“Pieces” Short Film by Fabian Aerts,https://www.stashmedia.tv/wp-content/uploads/Microbots-Short-Film-by-Arran-Bish11-640x360.jpg,https://www.stashmedia.tv/pieces-short-film-by-fabian-aerts/
10,IKEA “Infinite Play” Spot by Alaska and Nash,https://www.stashmedia.tv/wp-content/uploads/Audemars-Piguet-The-Royal-Oak-A-Journey-Through-Time-Temple-Cache-Valentin-Guiod7-640x360.jpg,https://www.stashmedia.tv/ikea-infinite-play-spot-by-alaska-and-nash/
11,Hideki Inaba’s Hypnotic New Short Film “FLOW”,https://www.stashmedia.tv/wp-content/uploads/Pieces-Short-Film-by-Fabian-Aerts81-640x360.jpg,https://www.stashmedia.tv/hideki-inabas-hypnotic-new-short-film-flow/
12,The Aston Martin V12 Vantage Meets Unreal Engine,https://www.stashmedia.tv/wp-content/uploads/IKEA-Infinite-Play-Spot-by-Alaska-and-Nash2-640x360.jpg,https://www.stashmedia.tv/the-aston-martin-v12-vantage-meets-unreal-engine/
0,UBS IDs on Sportsnet by Rogers Creative and Blirp Studio,https://www.stashmedia.tv/wp-content/uploads/Bulgari-Le-Gemme-Fragrance-Films-by-Builders-Club8-1-640x360.jpg,https://www.stashmedia.tv/ubs-ids-on-sportsnet-by-rogers-creative-and-blirp-studio/
1,“The Falling Man”: A Short Film for Ukraine by Guido Ponzini,https://www.stashmedia.tv/wp-content/uploads/UBS-IDs-on-Sportsnet-by-Rogers-Creative-and-Blirp-Studio9-640x360.jpg,https://www.stashmedia.tv/the-falling-man-short-film-for-ukraine-by-guido-ponzini/
2,Happy Easter (Planet) from Platige Image,https://www.stashmedia.tv/wp-content/uploads/The-Falling-Man-Short-Film-for-Ukraine-by-Guido-Ponzini8-640x360.jpg,https://www.stashmedia.tv/happy-easter-planet-from-platige-image/
3,Carlsberg “Chamber of Secrets” Spot by Miguel Campaña and Glassworks,https://www.stashmedia.tv/wp-content/uploads/Happy-Easter-from-Platige-Image69-640x360.jpg,https://www.stashmedia.tv/carlsberg-chamber-of-secrets-spot-by-miguel-campana-and-glassworks/
4,FITC Toronto 2022 Titles by Territory Studio,https://www.stashmedia.tv/wp-content/uploads/960-launch-banner-gradient.jpg,https://www.stashmedia.tv/fitc-toronto-2022-titles-by-territory-studio/
5,Is This the Most Fun Making-of Video Ever?,https://www.stashmedia.tv/wp-content/uploads/Carlsberg-Chamber-of-Secrets-Miguel-Campana-Glassworks_4-640x360.jpg,https://www.stashmedia.tv/is-this-the-most-fun-making-of-video-ever/
6,Free Fire “Lucha Libre AAA” Game Trailer by Mads Broni and Passion Pictures,https://www.stashmedia.tv/wp-content/uploads/FITC-Toronto-2022-Titles-by-Territory-Studio7-640x360.jpg,https://www.stashmedia.tv/free-fire-lucha-libre-aaa-game-trailer-by-mads-broni-and-passion-pictures/
7,Siamés “No Lullaby” Music Video by Rudo Company,https://www.stashmedia.tv/wp-content/uploads/Frito-Lay-Push-It-making-of-video7-640x360.jpg,https://www.stashmedia.tv/siames-no-lullaby-music-video-by-rudo-company/
8,Hulu Launches First Wave of Artist IDs,https://www.stashmedia.tv/wp-content/uploads/Free-Fire-Lucha-Libre-AAA-Trailer-by-Mads-Broni-Passion-Pictures8-640x360.jpg,https://www.stashmedia.tv/hulu-launches-first-wave-of-artist-ids/
9,Microsoft Office Hub 2.0 Launch Film by Not Real,https://www.stashmedia.tv/wp-content/uploads/Siames-No-Lullaby-Music-Video-by-Rudo-Company7-640x360.jpg,https://www.stashmedia.tv/microsoft-office-hub-2-0-launch-film-by-not-real/
10,ASSOS RSR Targa Superskin Product Film by Bolder,https://www.stashmedia.tv/wp-content/uploads/Hulu-Launches-First-Wave-of-Artist-IDs8-640x360.jpg,https://www.stashmedia.tv/assos-rsr-targa-superskin-product-film-by-bolder/
11,“Black Sun” Sci-fi Concept Film by Clive Collier,https://www.stashmedia.tv/wp-content/uploads/Microsoft-Office-Hub-2.0-Launch-Film-by-Not-Real7-640x360.jpg,https://www.stashmedia.tv/black-sun-sci-fi-concept-film-by-clive-collier/
12,“This Tape Deck is a Time Machine” Teaser by Patrick Osborne and Nexus,https://www.stashmedia.tv/wp-content/uploads/ASSOS-RSR-Targa-Superskin-Product-Film-by-Bolder7-640x360.jpg,https://www.stashmedia.tv/this-tape-deck-is-a-time-machine-teaser-by-patrick-osborne-and-nexus/
